profileID,speciality,fees,opentime,closetime,patient
HU54 2565 3130 5031 0399 0007 3003,ULTI,$63.83,8:45 AM,9:01 PM,Van Sacaze
GE29 LB57 7660 2529 1273 04,MDT,$95.48,9:19 AM,9:26 PM,Remy Dolman
IE96 LRMJ 0210 1367 3339 62,BEL,$98.11,8:21 AM,6:45 PM,Dianemarie Peacher
BA29 5293 5403 1383 8188,SXI,$98.29,8:18 AM,10:52 PM,Carol-jean Driffe
FR78 8167 7394 97XQ FLLD ATZ5 R89,ALDR,$95.02,9:32 AM,8:13 PM,Bourke Alishoner
FR09 3174 2420 24HT OSPM UNZK 436,SPRT,$56.59,8:31 AM,7:54 PM,Kerry Turfes
NL53 KITY 0120 2514 34,GAINO,$66.55,9:20 AM,6:04 PM,Bevon Jerred
GI74 CUTF MCLE 7EZ8 IVGT TLC,SKX,$87.34,8:12 AM,10:56 PM,Anny Neeve
GI60 MOLK O2EZ SUKL KKEE RSE,GPIAW,$79.47,8:41 AM,10:25 PM,Lenee Baysting
AD89 6637 0582 BBOL FDGH QLCD,MRNS,$42.55,8:41 AM,10:05 PM,Obidiah Bruyns
AL65 8459 1691 QXNP EAJF EHCN MZW4,NESRW,$33.68,9:08 AM,9:31 PM,Twyla Sparkwell
PK89 ZGKJ CEEI RL7F BKKP AEPP,MUS,$41.34,8:30 AM,6:40 PM,Clarinda Padefield
HU48 0527 6581 6463 5224 5317 6216,FTNT,$90.48,9:40 AM,10:48 PM,Aurthur Teissier
EE48 8174 8488 2843 4365,COHU,$57.31,9:50 AM,8:30 PM,Mano O'Gorman
FO91 7548 1196 8299 39,SYBT,$64.85,9:50 AM,6:06 PM,Boigie Buddock
SM41 E692 8322 336E MLIR QG5E H8Z,IBKC,$42.93,8:59 AM,6:12 PM,Park Gownge
FR18 2374 6615 25I4 BLAH 7KKF K96,SAN^A,$60.08,9:50 AM,9:09 PM,Pincus Chitter
LT23 1501 0720 2673 5019,ASND,$99.43,9:11 AM,6:14 PM,Oona McGraith
BG30 FYMI 1091 74VC LAEL VN,ENDP,$38.86,8:03 AM,6:13 PM,Edan Paolotto
IT83 O085 7564 069B EHXE MS5S IQK,NEE^H,$41.77,9:40 AM,6:23 PM,Dotty Gravestone
NL23 LNWW 4286 1290 25,EXD,$73.61,9:32 AM,8:56 PM,Jorge Gentery
TN59 4349 5117 7641 1579 4507,CUI,$36.36,9:37 AM,10:55 PM,Denney Espinazo
FR23 2293 7916 7674 Q7OP Y6BF C10,RWLK,$95.40,9:30 AM,8:19 PM,Kristen Dwelley
MU58 TRXL 9386 2694 9191 8627 685W RK,NNC,$97.67,9:54 AM,7:50 PM,Lynsey Everley
PS75 NUOL MDXO RCCI KKAL PPFY TY1S O,ABR^A,$58.85,8:58 AM,10:13 PM,Heloise Yeardsley
DE65 4861 5951 6310 9474 03,NVO,$62.96,9:15 AM,7:03 PM,Tiffany Goldsbrough
ES56 0460 8320 0157 9353 4000,WRB^D,$54.80,8:40 AM,10:23 PM,Monah Shepherd
FI94 5877 7877 1988 80,EDUC,$62.87,8:56 AM,9:07 PM,Karlyn Caig
GL22 7559 5053 8107 96,GG,$67.19,9:21 AM,7:31 PM,Durand Curling
GB78 YCAM 8457 4451 1749 71,NXTDW,$84.73,8:35 AM,7:06 PM,Zollie Catteroll
NO02 9072 6538 002,MTOR,$80.68,8:33 AM,9:42 PM,Alexio Balk
PL78 1996 1106 5777 2416 8223 9401,SYT,$88.14,9:02 AM,8:46 PM,Antony Dillingham
MD48 HTCS JHXQ 8QQF XVC2 HBP1,NYNY,$47.76,8:53 AM,9:36 PM,Orly Ubach
FR34 9173 8300 57BX OW5G 0FYJ J51,ALB,$54.59,9:00 AM,7:27 PM,Che Daile
PT53 4423 5581 5357 3004 4188 1,CHEKW,$40.74,8:58 AM,10:46 PM,Eddie Petrollo
LI85 9447 3MZU WERN FMPP Q,CBRL,$46.43,8:55 AM,6:12 PM,Myrna Figin
SA50 2608 9QAC HOZP 1ONW DTFA,CCXI,$31.10,9:03 AM,10:18 PM,Charissa Valde
EE46 7302 3685 9587 8330,HCN^I,$35.33,9:27 AM,8:14 PM,Brnaby Kimmel
IL96 0514 9692 8575 0087 884,CSCO,$69.56,8:34 AM,6:11 PM,Berny Heath
PS42 ZLWT YYCQ IMQN MKCG MZVG KAEH K,BIT,$63.57,8:24 AM,10:39 PM,Vernen Gillio
AL43 4128 2401 3SSQ HHKD OWPU X87Z,SOV^C,$65.97,9:01 AM,8:21 PM,Goldie Legrice
FR80 2290 7890 85DV BZ06 TNAO M24,XOG,$47.02,8:39 AM,8:32 PM,Astrix Saxon
PL24 2880 3253 0633 3487 8094 5968,KNX,$61.16,9:38 AM,9:36 PM,Windy Duester
CR60 2054 9485 5680 9696 2,MPACU,$94.64,9:47 AM,7:04 PM,Katerine Farre
GB03 WPUA 4145 3032 7203 51,LCNB,$94.66,8:30 AM,9:26 PM,Harmon Canedo
ES29 9483 2132 4423 6425 5141,INSM,$87.68,8:59 AM,9:37 PM,Moyna Sprey
VG30 JITP 1328 8384 9676 8393,AIV^A,$87.11,8:07 AM,8:21 PM,Andra Brakespear
PK67 EWHZ 6I0L L7OR VKZG TRIW,AXDX,$38.56,9:55 AM,6:58 PM,Matthew De Banke
PL16 3707 8960 8734 3717 5690 7185,HPI,$81.46,8:30 AM,6:34 PM,Marietta Behan
IE80 JCPP 6913 6090 0622 01,SGRP,$42.03,8:08 AM,10:20 PM,Annissa MacDaid
SK50 9541 6499 1095 9823 7745,QTEC,$72.30,9:25 AM,6:45 PM,Shea Barwood
CZ29 0268 0008 6851 0587 5864,SYX,$98.84,9:27 AM,9:38 PM,Valida Tiron
GT13 U9HD I6MS BWXT OO3N DV37 YEIV,CCJ,$53.53,8:29 AM,6:09 PM,Ninette MacRirie
SI88 2440 3400 5614 494,FAB,$35.53,8:43 AM,6:13 PM,York Reimer
GE79 XU74 1009 6737 1535 68,BLVDU,$78.31,8:15 AM,7:51 PM,Pat Lamprecht
FR71 0929 9185 40DK YYWW SPH9 Y77,RELY,$48.05,8:43 AM,8:59 PM,Angelica Newlands
VG69 SKWK 9871 2548 3545 4803,IMGN,$64.92,8:31 AM,8:59 PM,Garwin Sorsbie
CZ70 9167 5998 7944 0969 6406,HRL,$79.30,9:46 AM,7:39 PM,Bridget Haddon
LV30 QFYW RWQ9 ZESQ VJPU V,PY,$42.55,9:27 AM,7:18 PM,Ado Tatchell
BE19 2391 3796 7729,CCL,$45.09,8:27 AM,9:04 PM,Joshua Orro
PT64 4745 1933 4474 8344 7620 0,NMM,$87.07,8:45 AM,8:14 PM,Marion Groven
BG95 EKPK 5806 91BC RZLG P0,HURC,$62.48,9:20 AM,8:31 PM,Emelina Brisse
FR69 8755 6523 321Q LMNR PDEG W07,LW,$31.73,9:53 AM,9:56 PM,Carilyn Twitty
FR19 1448 6205 44II MW3Q IUEF O18,BA,$64.02,9:12 AM,10:45 PM,Brenda Borton
LI41 1468 6HUZ 340W CXJC O,OXBRW,$86.78,9:22 AM,7:15 PM,Shela Tosdevin
FR56 5803 1844 818K 6SGP WBFQ O91,NYCB^U,$72.08,9:11 AM,10:24 PM,Karee Korting
SM73 Z333 9577 8182 3KHC LWKL HJZ,RF^A,$84.90,8:48 AM,7:11 PM,Ricki Behagg
BH27 LWPI XHNQ RL4M FKK9 9R,SBSI,$94.15,8:29 AM,6:42 PM,Allx Snaddon
KW50 YYDM SG1I VDOP G2IL P80R STOQ ZD,LPG,$78.87,9:22 AM,7:45 PM,Jecho Corbitt
RS31 9023 6937 0631 1873 81,YUMC,$43.30,8:13 AM,6:07 PM,Kerk Gibbin
FR81 6733 9244 836P NEYU 3IN7 I65,BNED,$55.14,9:55 AM,7:15 PM,Marci Ellicott
HU73 8562 6337 0581 0178 3083 6339,TSEM,$61.24,9:47 AM,10:58 PM,Allys McLenahan
TR84 7888 4DD4 GFSP MG77 5QOR 7P,PSA^W,$86.91,8:33 AM,9:55 PM,Junina Shawcroft
FR06 1182 3335 03DU 4OF9 E07W X80,MBT,$35.83,9:15 AM,10:07 PM,Ezechiel Chanders
CH84 3964 5TRQ KMY4 6LPP T,SVVC,$90.00,9:04 AM,6:06 PM,Loralyn Iorizzo
MK03 761L EN6K JLMK U17,CSQ,$45.10,8:31 AM,10:45 PM,Christye Extal
GI33 LECJ MCUA KAYG 3AO2 KQY,DOOR,$31.93,8:06 AM,10:54 PM,Joey Augur
LI23 6406 7JGU EFOP 9UFZ 4,PNTA.CL,$46.00,9:39 AM,8:16 PM,Amalie Scanlin
FR02 0126 6016 23XM RSXG PWUZ M25,SID,$72.86,8:11 AM,9:21 PM,Michail Hardacre
SE14 4776 7274 9547 5793 9711,CLNS^E,$58.24,8:52 AM,6:56 PM,Francesco Mitkcov
CY30 1592 6947 EEEF 2QL5 Y8LD VQO0,ARAY,$97.05,9:15 AM,8:43 PM,Irina Kidds
SK26 3659 3440 5890 8484 7847,ABUS,$90.92,8:19 AM,9:09 PM,Micheline Laity
FR55 4151 4639 06SB GLW1 L5T6 I93,EML,$96.44,9:03 AM,6:21 PM,Archy Schohier
CY32 6886 4410 G1YK V03R 7HRA ECI0,JPC,$50.41,8:21 AM,6:58 PM,Ermina Kopecka
LB51 0544 MQMP MAAO 0CBH AP9O VA4E,IRCP,$31.14,8:46 AM,7:57 PM,Simonette Peacher
FR18 1301 2238 52PM M0QW IHHY L94,HDNG,$31.60,9:10 AM,9:15 PM,Hali O'dell
EE67 3159 8511 2901 6396,CTIC,$40.21,9:50 AM,10:18 PM,Pegeen Nettle
IS63 6964 5625 2925 3615 7843 35,MOGLC,$60.61,8:49 AM,6:28 PM,Donavon Candish
SA63 49GK BN8Q X9YL LIIO 9KOV,NDRA,$48.93,8:37 AM,10:17 PM,Arnie Bednell
RS39 3063 8817 0106 2211 81,QTM,$70.72,9:59 AM,10:59 PM,Lorianne Salisbury
SM69 Z516 5067 756I WHQ9 S1LU 9V2,TRVN,$31.56,9:06 AM,9:23 PM,Brita Beddon
AE97 4237 2634 5819 7418 568,SAN,$42.79,8:05 AM,6:11 PM,Pinchas Dobing
DE61 5208 8882 8419 9497 79,SODA,$37.23,9:52 AM,10:37 PM,Jonas Kibbey
SI48 1861 9659 1818 429,IONS,$85.92,9:29 AM,7:45 PM,Tanner Allbut
FO20 9228 0646 3414 09,DDF,$54.89,8:47 AM,6:43 PM,Richard Mateev
IT32 B880 0371 400W CRTR FTZB COD,MMDMR,$49.33,9:32 AM,7:55 PM,Norbert McCumskay
VG26 MRIP 2570 2623 8705 3825,HEQ,$78.42,9:44 AM,10:38 PM,Emelyne Tonks
LI67 4589 0FQK J5FN TFWI 3,HE^U,$76.29,9:48 AM,9:20 PM,Lexine Wiltshier
GE34 JD13 3196 4594 4536 98,SPLK,$90.74,9:40 AM,9:38 PM,Zebadiah Blanchet
FR84 1509 2198 91HR 7T6X NX2G D27,MSEX,$90.44,8:59 AM,10:43 PM,Warner Gutsell
LB71 3225 UD6L IGTM APMQ 49MJ 0CB7,RSO^A,$73.58,8:11 AM,6:09 PM,Caprice McCarney
LT18 6572 6038 5302 0584,MNK,$72.94,8:00 AM,10:21 PM,Shaylynn Korneichuk
EE09 7754 6613 7771 4774,BAM,$65.79,9:46 AM,7:49 PM,Chick Silverston
GI85 HVTA 6H7A MYTI SJDK XJQ,Z,$96.35,9:22 AM,6:51 PM,Gertruda Bodman
FR05 9104 5198 411G OG8E IMXJ O06,SBNY,$62.74,8:55 AM,6:38 PM,Alic Ellar
IS48 8082 6330 2451 3278 6239 00,DBL,$70.20,8:06 AM,7:26 PM,Leontine Kaye
GL43 3148 4862 8511 97,ACCO,$67.57,9:07 AM,8:57 PM,Giulietta Santino
SA44 90V3 ITRH KE0A PQYT XBV5,HSIC,$30.67,8:08 AM,6:24 PM,Brena Littefair
SK66 8467 2981 9880 5163 9331,PEB^C,$59.09,8:37 AM,9:08 PM,Engelbert Caswall
NO06 2125 4077 429,BML^I,$39.44,9:19 AM,6:23 PM,Frannie Heggie
FR18 0034 5702 09FK NYIP O8KE U80,SKX,$35.32,8:30 AM,9:18 PM,Crystie Huegett
FR95 0471 7642 87OD 8MYD CCYM Q85,DDBI,$88.39,8:29 AM,7:30 PM,Nina Avieson
KW28 QQQG IJMS OURK 1RVJ MRYU STBL LH,STI.WS.B,$67.74,8:14 AM,9:25 PM,Aura Greig
FR54 9588 3524 29DJ NFI8 CYIT X50,WPZ,$56.44,8:38 AM,7:17 PM,Henka Eades
FR12 9425 9477 41OR BLRL FDHR 078,SLCT,$83.16,8:20 AM,10:08 PM,Marita Spearing
MR13 5111 6050 6725 4254 0455 403,DATA,$54.95,8:32 AM,7:11 PM,Rustin Wychard
MC73 9880 5112 50CS ZI5F E1VN H65,TRMB,$44.46,9:54 AM,10:20 PM,Patrick MattiCCI
FR04 5504 3388 73ZH EG1S IUAA C52,SCE^F,$47.15,8:33 AM,10:24 PM,Yasmin Domerq
SA32 11RO X7EN VXA0 JJ3C 3GV6,DWFI,$38.82,9:52 AM,10:20 PM,Douglas Hayball
MK17 290J NVAO RA4K X86,MARA,$79.35,8:53 AM,8:06 PM,Marney Van der Veldt
GB14 HYQB 3866 4610 1435 60,CSBK,$63.41,8:08 AM,7:15 PM,Christy Kures
HU95 0672 9909 6840 0307 4441 4361,AMRI,$73.80,9:26 AM,8:54 PM,Shalne Farn
IS36 6090 5832 1224 5429 7508 86,HFBL,$52.76,9:35 AM,9:19 PM,Josias Lettington
AZ12 VHDV SI7W PRR7 8WXD YAJB EIFR,UBNT,$92.63,8:04 AM,10:29 PM,Gaelan Infante
SK60 6900 4377 5100 7061 5117,DRAD,$87.14,9:57 AM,10:37 PM,Adora Dunnan
FR73 8691 5470 14IF CAFL HEFE M95,CHI,$70.35,9:30 AM,9:38 PM,Kit Soggee
FR73 8667 1666 56DQ XIUV XIGN J08,DHR,$93.30,8:17 AM,10:08 PM,Tallie Keynd
BE10 9104 2560 2263,MTRX,$59.85,9:21 AM,6:41 PM,Gabe Danielsson
ME72 7835 0526 5903 5108 50,MANT,$34.23,9:16 AM,9:44 PM,Britni Garrigan
GI81 XYGX 4IUI NR2A 86Q6 IOQ,DSPG,$73.07,8:22 AM,8:51 PM,Sonny Shenton
IL64 7176 9527 2187 6060 451,BCC,$64.30,8:22 AM,10:17 PM,Norton Horning
FR66 1109 0593 79VL YW6E T2SS X98,SHSP,$74.49,8:06 AM,8:02 PM,Geraldine O'Flannery
RO21 XXIZ OLLL JDBL YN3I SYHD,WR,$60.50,8:18 AM,6:31 PM,Riane Dreini
LU51 111E 8MIR 6PDR EHUJ,PAY,$33.57,9:17 AM,6:47 PM,Fancie Cogzell
FR60 3423 4204 81TY 04QJ UJCB Q94,SLNOW,$46.87,9:53 AM,8:59 PM,Trix Semrad
BA42 0222 2544 4514 6288,OSG,$97.62,9:20 AM,10:10 PM,Francois Shippard
SE14 0167 6254 3120 6857 0679,CMC,$96.63,8:22 AM,10:56 PM,Saundra Rawsthorne
CH62 5792 6AUG BMRK 5BED 3,VVUS,$89.93,8:26 AM,7:02 PM,Stefan Gawthorpe
PT94 4943 2543 7832 1432 7655 9,STKL,$88.81,9:42 AM,7:25 PM,Karrah Tanser
FR45 5279 3951 3374 4XYN L6CX Z43,DOW,$81.33,8:50 AM,6:58 PM,Missie Garcia
FR13 6503 0826 84T8 KG4M NTYJ W47,NAN,$70.26,9:50 AM,7:15 PM,Zebadiah Waylett
NO40 7890 6014 498,ARKR,$69.29,8:15 AM,10:47 PM,Gardiner Tattersdill
NL80 QJDL 0765 9677 68,AMRN,$82.89,8:59 AM,10:57 PM,Armin Tace
IL30 8063 1409 1440 8356 203,PG,$30.98,8:54 AM,7:12 PM,Artair Whife
FR85 1221 7629 20OS TQ2X 6VOQ P51,NAVG,$34.35,8:39 AM,6:31 PM,Jimmy Blesdill
FR86 3906 3959 31MP ATQT WPFX 328,OVBC,$82.24,9:12 AM,6:44 PM,Pattie McQuilliam
GE09 CD76 8249 6483 5689 62,NVFY,$33.13,9:39 AM,7:02 PM,Jilli Imloch
FR98 1051 9424 63OM UZ0S 0K9G O55,QTM,$74.17,9:49 AM,6:36 PM,Lamont Kanzler
GE79 XF20 4233 3255 9339 03,BLVDU,$92.09,9:53 AM,7:40 PM,Kenna Counihan
GB50 QLIJ 3007 1119 7116 76,MUR,$82.42,8:20 AM,8:20 PM,Oswell Longland
MT31 YUQQ 6679 1HE8 JPJX HH4K YE30 GBX,LWAY,$35.34,8:13 AM,8:54 PM,Moishe Halifax
SM21 N602 9359 263I KUXZ GLQL HEL,NCIT,$92.95,8:19 AM,9:43 PM,Morrie Stanhope
LI96 1509 1QGM FPMQ JJLW N,BSF,$61.46,9:10 AM,7:04 PM,Katherine Pealing
DE38 7142 1490 9617 0860 12,UNT,$68.89,9:09 AM,10:32 PM,Nerita Marham
LV71 XEVM DJNR ZKZ2 EKIK U,PVBC,$53.53,8:04 AM,9:25 PM,Odey Keener
GB13 XTKG 5310 5619 8539 43,CTSH,$65.77,9:54 AM,7:21 PM,Chandra Marians
MU79 JHTG 5532 3615 8948 8694 403M QW,ITIC,$69.15,9:53 AM,10:23 PM,Sigvard Folker
IS29 8846 2351 8539 3543 3578 76,HPJ,$98.39,8:09 AM,7:49 PM,Wilmette Freestone
GL97 4672 1937 4332 53,KTWO,$93.25,8:33 AM,6:48 PM,Iago Gilvear
SK97 1236 8651 3525 6682 5185,FSV,$94.33,9:52 AM,9:42 PM,Harcourt Sneesby
FR79 2726 8969 744R ZDLY K11Z 362,SNGX,$68.38,9:34 AM,6:41 PM,Timothy Berzen
BE79 0315 3541 4052,CHH,$78.25,8:24 AM,6:26 PM,Ayn Mulgrew
PT28 4443 6732 8744 4029 3767 0,BYD,$80.58,9:21 AM,9:44 PM,Carlin Emery
FR65 5207 9457 05QZ FYJP GFHL P13,GSHTU,$59.32,9:22 AM,10:46 PM,Isa Deery
DO38 ORF2 5855 8807 1844 2359 5795,SKYS,$86.46,8:41 AM,10:10 PM,Hastings Sallnow
GL54 0679 5314 7153 36,ALNY,$31.21,9:31 AM,7:26 PM,Ruby Pyford
BA06 6798 9314 0576 7847,BKH,$42.61,8:08 AM,9:34 PM,Zackariah Hassekl
SE66 9150 9478 6953 3226 0866,BOKF,$78.01,9:24 AM,6:10 PM,Rudolfo Bassano
MU83 GLLI 4086 2165 9566 6695 181M AX,BVXV,$60.18,9:32 AM,9:36 PM,Kailey Van der Son
FR68 3570 4384 24OP JSSG Y3EY P05,VMBS,$66.53,8:29 AM,6:53 PM,Dani Meriguet
MT69 IKND 3319 7IOT I6A1 G728 WY7R OFY,MASI,$30.74,8:18 AM,6:41 PM,Erhard De Domenicis
FR13 0163 3197 678C 0OOI YLRZ O95,VIIZ,$62.10,8:20 AM,10:23 PM,Kym Gribbon
BA62 4098 7238 0504 3250,GLADO,$31.12,9:34 AM,10:36 PM,Fonz McGawn
LU98 9062 YPFH YY9L LG83,ALLE,$35.90,9:33 AM,8:57 PM,Nicky Oglethorpe
GL81 3934 5435 2154 98,HYLS,$30.08,8:29 AM,6:37 PM,Karim Genty
BR83 7606 8556 7691 5393 6762 185F B,ONSIW,$69.37,9:30 AM,9:35 PM,Geoffry Longbone
FR92 5062 7987 58SD 5IMM GMRK X50,PRIM,$79.46,9:22 AM,7:31 PM,Vin Abba
DO61 Q3NZ 2643 0651 4152 0894 9233,PACW,$71.66,9:57 AM,6:15 PM,Margarita Madden
DK31 4223 0634 9024 73,ARNA,$75.03,9:29 AM,9:22 PM,Roby Vaneschi
MT81 AKDZ 5257 7YHS 9W8D XRRK NKKO DY8,ORN,$91.94,9:05 AM,8:05 PM,Casper Endley
IL71 4712 2523 2287 0277 551,GXP^B,$54.37,8:47 AM,10:05 PM,Sean Manon
RS88 2830 4494 8438 8372 07,WD,$98.03,8:22 AM,6:54 PM,Christin Ruxton
MK09 404Q GJY3 UP6H P32,TPZ,$82.60,9:00 AM,7:05 PM,Knox Beiderbeck
CZ76 3968 8766 0524 4076 6305,VECO,$67.36,8:49 AM,9:41 PM,Tarra Gillie
LB27 6564 B4UK ZMER MMCQ DEYT XKZ0,UCFC,$69.91,8:24 AM,10:39 PM,Joana Moncaster
FR30 8600 7835 08E3 4YEB MTSX 834,MPX,$65.96,9:02 AM,7:33 PM,Rockey Walicki
ES31 5415 5285 2082 4962 9616,SHOO,$34.69,9:47 AM,6:44 PM,Corinna Sneesby
LT88 3981 4623 6400 8470,CFMS,$99.21,8:27 AM,9:14 PM,Andi MacLise
BR91 1609 6854 2419 5474 0630 677S A,ETB,$58.62,8:05 AM,10:02 PM,Marco Manhood
FR84 5463 7111 84DS UBHF 72MP Q56,R,$81.85,8:01 AM,7:38 PM,Fae Buntin
SI02 8052 0848 5562 132,CPF,$33.97,8:30 AM,6:56 PM,Rafaelia Millsap
CH51 5286 9IUL CYYE 3XSZ A,GLOP^A,$54.24,8:20 AM,10:54 PM,Justin Jerdan
LB15 9996 7ZBB AQRS 3QA3 DKOG O4OV,CHSCM,$79.77,9:02 AM,7:32 PM,Ermentrude Adie
MR45 9183 3976 4685 2996 7290 157,GDEN,$53.54,9:08 AM,7:27 PM,Caritta Perett
FR51 1548 6976 28YF JCID I41E N09,BOOM,$60.39,8:41 AM,9:54 PM,Karia Ortiga
FR63 1262 4469 43FY WMMO GIAP X53,LBRDA,$80.32,8:51 AM,8:04 PM,Graig Dewerson
AZ62 RWRA 8HOV GXYW VNLR UGOO FG9C,CACI,$60.26,9:13 AM,7:16 PM,Muhammad Jubert
NL37 VONW 8160 1412 25,CLRO,$31.92,8:54 AM,10:13 PM,Sascha Carde
PK86 UAXC VZAR VVEK UHE5 OC9O,VNO^K,$57.62,9:29 AM,6:47 PM,Lewiss Drysdall
IS29 6712 2368 4426 9926 3604 66,FCFP,$43.50,9:39 AM,9:04 PM,Ulric Darwin
MC23 2304 0283 34FB YB1V 4RHG T36,RETA,$71.83,9:14 AM,8:14 PM,Shawn Wingfield
DK95 9335 8023 3615 08,RHT,$50.05,8:13 AM,10:39 PM,Laural Gepson
MD59 OI1P 6XOU 5FJG FWM9 M89E,MORN,$86.72,9:32 AM,8:30 PM,Hazlett Machen
IE86 BZZG 8585 3629 3093 31,LITB,$78.30,8:01 AM,9:54 PM,Malina Pellissier
GR92 5176 318E YESG CDMT PRYE QLL,ROP,$35.04,9:35 AM,9:55 PM,Roxy Bernier
SM07 T365 9521 5710 6ZG4 DWDL 8NX,NEWTZ,$53.97,8:00 AM,7:05 PM,Ingar Pummery
HR39 6233 9900 3064 1238 4,WMIH,$81.68,9:46 AM,8:59 PM,Wit Pedrocchi
AD12 3969 3653 9D4M CINT RSAO,ASH,$95.02,9:33 AM,6:50 PM,Cherish Ebbles
RO13 QDLG E9BZ CDME WSOJ NAFA,SCSS,$51.34,9:54 AM,7:56 PM,Rufus Kohnert
LI51 6783 6H3K OO50 0S5D O,CPLA,$89.14,8:25 AM,10:12 PM,Wendi Faiers
IT39 R047 6159 795D S5UN KTZB LI3,DTV,$85.94,9:15 AM,10:09 PM,Frank Duckerin
ES74 6147 2801 3372 5560 2424,BBT^F,$70.23,8:52 AM,10:23 PM,Garland Guitonneau
FR74 5189 1667 639J M663 NGT6 A74,FND,$48.25,9:36 AM,7:40 PM,Saxon Izon
FR24 4112 6399 71YW BUCI TENX F19,SMBK,$37.27,8:01 AM,10:48 PM,Chery Cardello
KW17 HSBQ VFVU G1YA MZTB 2RCP VLLS AE,SDRL,$77.80,8:04 AM,7:05 PM,Carney Chatband
NL97 YQOM 1461 1572 36,TDJ,$52.99,8:19 AM,8:52 PM,Etan Penrose
IT52 S839 5898 792M BAID NSKL RSE,CHEK,$80.49,8:09 AM,8:23 PM,Robinson Ellerton
BA87 5980 5547 9421 1502,GAM,$95.92,9:13 AM,9:59 PM,Iain Binding
FR26 0522 8573 78B8 AZVJ LVSG G07,KSS,$43.35,8:47 AM,6:40 PM,Anna-maria Charley
LI84 8126 9A2N FNSO DW9J W,TGTX,$51.30,9:31 AM,6:22 PM,Audie Heater
IE24 XXUY 6196 5773 2282 56,PRI,$68.59,8:48 AM,10:47 PM,Ring Blest
LU07 317M FRZM KNPW NBOD,WK,$65.32,8:33 AM,8:02 PM,Lindy Elwin
KZ79 2549 JOU7 VJGD 3SKV,NWPX,$49.53,8:52 AM,6:46 PM,Angy Petry
NO90 0813 4708 256,XHR,$34.38,9:43 AM,10:51 PM,Dan Gotts
RS98 9569 0091 9704 2464 59,FPXI,$51.58,9:29 AM,10:00 PM,Tristan Hubane
CH26 6759 4NST G9Q2 PWBO F,PVG,$95.26,9:23 AM,7:47 PM,Peder Giacomo
CH83 5591 6K5T DQKZ 7TV0 2,VVV,$52.64,8:24 AM,8:25 PM,Drusie Senior
VG80 EIEG 2150 7459 2858 4497,CIA,$43.09,9:45 AM,9:59 PM,Doug Ducaen
CY95 7244 1378 JWMI NEST FVF2 QKZP,OPK,$74.84,9:06 AM,8:04 PM,Auberon Boylin
AE82 5471 4499 6487 8750 455,ALL^F,$45.31,8:14 AM,7:01 PM,Lauren Duff
RS31 9075 9395 1853 2543 86,AEH,$90.63,8:55 AM,7:12 PM,Adey Ollie
DK57 0938 4708 1209 06,PRTS,$71.15,9:43 AM,9:56 PM,Care Malling
ME61 9949 4510 1690 9557 04,MEOH,$71.82,8:37 AM,9:03 PM,Nolana Croutear
FO14 8810 4991 9240 72,CVTI,$80.05,8:44 AM,10:13 PM,Madge Copperwaite
KW75 UBRW MVCX 77HU CMPK KKBW U188 MA,ETV,$41.51,9:38 AM,8:47 PM,Gaylor Edeson
FR12 0993 0093 55MC CBRW HNYU 430,CEL,$42.52,8:07 AM,6:07 PM,Shela Schaumann
MC81 1010 1191 323H SVBI ZM1G U51,HBI,$36.48,8:15 AM,10:29 PM,Vanni Lounds
FR08 1679 9930 73TB CQWJ JTO0 R14,HAFC,$37.66,8:00 AM,6:56 PM,Licha Klee
BE86 2132 6885 4745,AGNCB,$87.42,8:23 AM,8:42 PM,Selinda Venditto
BH68 BSCG YE0S K12X O3GR SJ,CYHHZ,$32.61,9:36 AM,8:11 PM,Edyth Radbourne
LU53 462F UL8L I19T 7VSU,PSA^A,$62.77,9:47 AM,6:04 PM,Sadella Blaze
DE14 7034 0535 3655 8528 37,MSCI,$51.50,8:58 AM,8:50 PM,Aron Betke
FO52 0515 1234 3683 56,GWRE,$90.48,8:55 AM,7:58 PM,Lenora Cuesta
RS20 3320 9956 4194 3957 65,ARIS,$64.23,9:06 AM,9:35 PM,Ross Phillpotts
NL39 PWAP 4919 8233 74,KN,$88.27,8:13 AM,6:21 PM,Ethelda Sandeland
LV58 HNOZ VAMS S9ZB OJQU D,MARA,$62.65,8:41 AM,6:55 PM,Rossy Stonelake
CR32 5869 9171 6059 2088 1,EYES,$48.86,8:48 AM,7:20 PM,Shannon Buckles
MK56 297Z 9RIV EPB3 787,UG,$89.82,8:03 AM,7:51 PM,Avril Fulford
IT04 V242 7183 1311 DUQV 6RFD TVH,SPLS,$43.17,8:58 AM,9:36 PM,Gillian Le Frank
NO02 3723 2928 338,full_name,$78.77,9:27 AM,8:21 PM,Cami Poulglais
CR85 7629 1280 2275 6878 4,TITN,$85.86,9:56 AM,10:19 PM,Theresa Lambarton
SK57 6151 5178 3397 7742 6215,LAKE,$65.56,9:02 AM,8:31 PM,Giuseppe Bernardt
BG28 KFOL 5640 95ZE C0AZ PL,PAVM,$63.21,9:13 AM,10:31 PM,Broderic Tomkies
KZ17 168H UH4T JYBN OPCZ,CW,$46.53,9:51 AM,6:53 PM,Erin Rudsdale
MR34 5327 5632 6913 3097 6773 594,AEB,$38.07,8:38 AM,6:08 PM,Ellyn Boase
GE52 CE87 7611 2334 6779 45,TCBI,$80.12,9:32 AM,7:36 PM,Kyrstin D'Antuoni
CY26 9877 3722 XQSP 6OXY GOCR VYTL,STRL,$60.29,9:15 AM,10:15 PM,Berenice Dubose
CH95 4751 41UQ FAVS Y0X8 P,ARRS,$97.24,9:24 AM,6:46 PM,Milty Mathis
LI22 0851 2CX5 NJK2 RWYE N,DEO,$68.13,8:10 AM,10:53 PM,Ryley Ferneley
EE47 2923 5540 0211 4736,ATV,$38.12,9:05 AM,7:28 PM,Mallissa Gowlett
GT26 DZGH C7G5 ETYO JJXR JH3K 8XJL,DWAC,$50.78,9:31 AM,9:35 PM,Ollie Beardon
SA77 15YL KL3R FI4Q MHCP PEW6,AXAR,$41.86,8:40 AM,6:17 PM,Fremont Marchington
CR60 9355 8717 1944 6500 7,WRB^C,$35.00,9:36 AM,7:01 PM,Abba Heibel
AZ96 OVAS RLDU N8W4 SQJC RK8M EU2P,NSH,$46.88,8:16 AM,6:53 PM,Maisey Anespie
TR70 8222 6GBA VXOS E3H8 F0G8 0B,ERIE,$77.95,8:08 AM,7:56 PM,Donella Swanne
PS64 JAUQ IQOO TBI8 IYMH OFKS RCGY O,MNTA,$45.02,8:41 AM,9:14 PM,Helenka Cousins
FR97 2310 7316 88JB FO6I O6RY G43,HBAN,$90.76,9:27 AM,6:10 PM,Devy Grissett
NO46 7808 8708 880,VKQ,$62.51,9:21 AM,7:48 PM,Carrol Rowe
IT71 L989 6427 857V QB45 ZKSR III,GAB^H,$65.65,8:31 AM,7:48 PM,Quinn Flacknoe
SM67 P461 7306 2168 AEWR M0M4 NC3,LGI,$72.94,9:18 AM,6:37 PM,Collette Martinello
HR64 8414 7969 4894 1985 3,EBMT,$68.96,9:08 AM,6:35 PM,Barbette Yetton
GB18 FCNA 1312 4682 6485 94,ENG,$33.68,8:12 AM,9:11 PM,Ellswerth Dobie
LI27 6488 5PQU 20JV YMPA 5,MUH,$50.26,8:45 AM,6:39 PM,Barrie Barrowcliff
LB05 7190 WDNU UQMF YYKC 3J8T XP2P,GNTX,$65.01,8:26 AM,7:57 PM,Adrien Silverson
SI42 8799 4381 5106 324,ACRX,$95.89,9:32 AM,9:00 PM,Robert Cheshire
TR69 0478 0TDD JLUZ PRXA IZZE 6L,GLOG,$67.06,8:52 AM,10:18 PM,Elly Shewry
FO34 8324 9697 2147 96,HCSG,$49.45,9:24 AM,8:51 PM,Ally Erington
BR97 7996 5030 5302 9717 9894 859E S,WCC,$89.13,8:18 AM,9:41 PM,Dermot Blackler
RO35 XCZH ATZW LZAZ HG9P 4AGJ,CYBR,$50.31,8:54 AM,9:50 PM,Mildrid Kuhle
FR39 6224 4273 07LF VXUB SYZQ R98,LVLT,$35.49,8:26 AM,6:23 PM,Janeen Ryam
BA52 1828 4156 1170 8953,CLNT,$92.10,8:32 AM,7:51 PM,Tiphany Philipet
SM96 J212 4877 541U RVA1 XPTH CDK,WPG^I,$73.71,9:31 AM,9:15 PM,Lennard Dalton
KW95 YNXG YVGH K9IF A8DW 1NBC K4NN GY,GNCA,$59.71,9:20 AM,10:54 PM,Zebulon Burmingham
MC45 7907 8481 08OQ 9PZJ ATBX T05,ICON,$73.90,9:38 AM,7:48 PM,Simonette Corten
SK56 5236 5592 1986 6100 9148,BNJ,$38.05,9:24 AM,10:14 PM,Ileane Riep
FR59 4704 0458 77UP MRIN AP26 R37,ADUS,$77.82,8:48 AM,6:26 PM,Alexandre Huggins
AT72 8249 9702 5250 6706,LLEX,$82.84,8:21 AM,10:49 PM,Christa Carr
FR89 0266 6883 889K ARXC 44WJ Y70,FAST,$38.97,9:02 AM,7:03 PM,Edy Osgarby
TN26 4607 2154 8314 2352 8855,OMN,$80.60,8:59 AM,6:10 PM,Penelope Boffin
MR97 7440 9338 8745 9032 2312 775,PHI,$76.16,9:11 AM,6:12 PM,Cindie Rosenstock
SE88 5085 7392 2322 4707 7475,LAYN,$70.37,9:43 AM,7:03 PM,Charleen Copcutt
BE97 2036 2587 7937,STLRU,$94.76,8:48 AM,6:01 PM,Julina Milne
LU61 614B PFZB HGMW KJA3,SPKEP,$89.01,9:40 AM,8:20 PM,Egbert Biaggioli
LV90 VHHE BLS3 YNC4 2NIV D,COHR,$62.36,8:46 AM,10:38 PM,Dolley Benjefield
MU57 XJFZ 1395 7343 7155 4746 971U VG,DL,$37.15,9:18 AM,6:39 PM,Emmie Sharpley
FR84 1221 2175 06VQ YTYS AKYF R08,QUMU,$67.34,8:26 AM,7:18 PM,Arlen Cannaway
FO61 1314 7131 1093 93,IMI,$35.46,8:46 AM,10:27 PM,Claybourne Nutten
NL29 CXJF 7540 2519 93,NBN,$62.94,9:07 AM,9:00 PM,Ainslie Le Surf
GT18 3MFJ QQ82 JUMU 3NXO LAWV QLM4,BOSC,$80.70,8:41 AM,6:07 PM,Johanna Lemm
KZ07 858H VNOM 5RWC JKVS,NMK^B,$61.46,9:07 AM,7:47 PM,Parker Robison
DO09 DY5O 9969 5419 3190 3831 5184,OMAA,$75.34,9:29 AM,8:04 PM,Cart Bardsley
FO03 8380 9998 2573 48,AMPH,$48.10,8:33 AM,8:54 PM,Brett Regi
GI96 EYSF VRCJ G81S OP2E OXY,ZAYO,$53.63,9:19 AM,7:04 PM,Kendricks Malitrott
IE04 OMNM 9062 1519 0606 34,SHLD,$97.43,9:31 AM,10:51 PM,Clerkclaude Hellmer
GR76 4874 082B GYXH N4AS Y2CB P8T,GNL,$95.78,9:30 AM,9:15 PM,Daphna Shearwood
ME36 1220 9585 0568 3115 02,ATVI,$92.97,9:55 AM,9:41 PM,Xenos Snowding
AL42 7418 5445 QHIG XYRW BHSE COHO,USAP,$83.80,8:50 AM,10:42 PM,Morrie Sheerin
ES34 4544 1728 7903 1900 4760,GUT,$50.91,9:55 AM,10:27 PM,Jo Crace
BR18 6696 7766 0714 7039 6509 268P B,SCL,$96.79,9:55 AM,8:12 PM,Mort Skatcher
FO82 8441 5814 9232 67,UBS,$31.28,8:17 AM,9:16 PM,Arabella Whiston
HR07 8340 0207 9651 6806 3,POLA,$78.72,9:54 AM,9:13 PM,Nikola Degnen
FR89 1756 6328 278N WTYO UP0J K05,AXS^E,$79.88,8:18 AM,6:00 PM,Alisha Chellam
SE60 9869 1273 7952 2774 9077,DTEA,$90.35,8:16 AM,7:58 PM,Clarence Dickin
LU24 6950 B1HZ 6INO GQ8E,CORE,$62.08,9:31 AM,6:36 PM,Brianna Perfitt
TR37 6228 4RGB LPYG 2I7H OFUX WW,HBMD,$42.93,8:29 AM,9:51 PM,Galven Crocombe
AE11 4235 4314 1353 0657 030,GLAD,$52.82,9:02 AM,10:54 PM,Bryant Scarff
LT89 4889 3618 8252 8874,NXJ,$76.64,9:30 AM,8:36 PM,Robin Dunnion
KZ11 030O NKF7 4YSK RTAU,CUNB,$72.55,8:08 AM,7:10 PM,Joyan Dawdry
SA25 909L VMGW KPAC JURC OUZB,ECR,$66.71,8:48 AM,7:17 PM,Odo Mughal
BG65 EHDL 7178 38RI DLLS BV,PGNX,$36.47,9:31 AM,8:26 PM,Arnold Trimmill
FR04 4077 9112 923L SB1G JUZ2 J04,SMMF,$73.01,8:15 AM,7:46 PM,Cate Cannaway
DE10 1479 8857 5727 3150 02,AXAS,$52.77,8:15 AM,8:39 PM,Cordie Triggol
PK09 PGSZ M4RY U232 Y10F W04O,KKR,$66.64,9:54 AM,10:59 PM,Evin Bette
FR59 7677 2126 53A7 DZGX CVXT C40,PFMT,$49.90,9:00 AM,9:45 PM,Rani Kinze
GI02 MCIY GWOY QRO2 APGP BTH,CAA,$81.82,9:50 AM,10:18 PM,Bridie Jimson
NL33 NBUP 4887 1337 49,NDLS,$47.39,9:48 AM,10:05 PM,Nelie Bullocke
MR30 1962 0745 8585 4739 6217 682,KRC^H,$80.60,8:54 AM,8:15 PM,Evangelin Pashler
CH59 5137 9RAS 2OCD JHZC Y,RNP,$66.77,8:33 AM,8:19 PM,Emilio Jilliss
PS75 LVDM E60M GPIZ BFCH GKOF LZZ3 Z,AKR,$40.81,9:14 AM,8:30 PM,Merridie Longhorne
EE25 5567 6477 8374 9621,SUP,$46.65,9:57 AM,9:47 PM,Andras Amis
MU73 OBAM 1286 5922 6361 6986 660F JK,K,$87.41,9:35 AM,7:35 PM,Flin Fairpool
DE52 7614 2139 0432 9583 63,MNI,$43.73,9:03 AM,9:14 PM,Aloin Corbridge
NO46 3375 2317 771,CE,$32.09,8:58 AM,8:06 PM,Kahlil Russan
VG32 YOKY 7968 0846 2578 8516,DOV,$94.10,8:03 AM,10:35 PM,Oberon Blanchflower
DE62 4878 7000 1275 2454 97,NBB,$88.99,9:13 AM,9:19 PM,Hatty Garrique
PS55 WMLP BHQY GPEY GI5D 8OJU XU5V X,GPIC,$70.77,9:46 AM,10:37 PM,Neill McCathy
NL53 OOQW 1695 2434 14,SMBC,$73.70,8:29 AM,8:02 PM,Fania Burger
HR95 6284 2680 9871 5784 5,RBS^S,$71.89,8:31 AM,8:15 PM,Erie Whapham
PT73 4377 0502 2479 8419 3987 1,TTI,$82.14,9:27 AM,10:14 PM,Talyah Billin
LB51 4084 1FTF YTFB TIGZ FBEW HDOP,FPH,$48.54,8:32 AM,10:02 PM,Cody Gribbell
FR45 9573 3772 11X8 U7FQ KFXE M32,RSO^C,$91.75,8:15 AM,7:20 PM,Gard Blatchford
DK48 1619 7932 1166 63,MATR,$90.80,8:18 AM,7:58 PM,Killy Breinlein
TN21 5764 8209 9498 3130 3266,GTYHW,$84.75,8:47 AM,10:43 PM,Khalil Lidster
GT85 KYKB KCQ0 3QY1 UW9Z RRB8 DEU0,SFUN,$85.65,9:24 AM,9:33 PM,Deana Doerr
SI87 8603 6621 9326 959,RPD,$37.11,9:30 AM,9:26 PM,Rae Sopper
LU47 568P EBJJ MBNI ACSQ,VER,$37.00,8:10 AM,10:20 PM,Anne-marie Blockley
MT07 KGMR 7097 0N7G ZIPU FEHB X9RJ MPU,CIZ,$92.68,9:20 AM,10:22 PM,Kellen Joselevitz
IL07 5460 0597 9701 2660 476,ELJ,$95.44,8:36 AM,9:53 PM,Tomi Rissen
FR93 8505 7466 95YQ YGES OETC 158,SMSI,$40.83,8:37 AM,10:36 PM,Odey Djurdjevic
AT03 4265 3586 6149 5268,CG,$64.77,8:40 AM,8:14 PM,Imogen Triggel
AL19 6187 5598 8RVR EBFP X60A OCYG,VSTO,$56.06,9:11 AM,7:19 PM,Jeralee Neilan
SA23 76K5 VJP3 HI3S J6TA 51SX,TIL,$55.22,9:39 AM,6:20 PM,Vin Pittoli
IS52 9739 4788 2094 6749 3311 19,CNS,$37.36,9:18 AM,7:45 PM,Giacomo Ketton
FR21 4965 2360 61QD PEN0 ZXZH U69,ETB,$46.77,8:39 AM,10:39 PM,Doralynn Gissing
FR71 9603 9226 94BV JEE1 1LLI Q05,TFX,$64.82,8:58 AM,8:22 PM,Stefa Dumbleton
AZ18 WZQA LMVP GPXL 8WYF 9DBU VBHQ,FN,$87.68,9:58 AM,10:02 PM,Laryssa Gladman
RO95 ZGVW XEU4 QGSY KD2Y 8HNK,VEON,$56.57,8:22 AM,7:28 PM,Dayle Anselmi
SI12 5093 8620 4390 592,MRCC,$57.38,8:09 AM,7:20 PM,Michal Willford
PT54 7897 5458 6907 4734 9061 7,WING,$73.81,9:53 AM,8:14 PM,Lexi Kobierzycki
RO47 BTUV V5UY LCAZ OIBM JIHW,NKSH,$82.74,8:55 AM,6:05 PM,Sergent Charlesworth
CH47 1836 1H1M KRC6 EWX5 O,AKP,$50.23,8:56 AM,7:25 PM,Christophorus Drogan
LT38 9083 4266 8558 1609,GOGL,$68.30,8:53 AM,8:20 PM,Coop David
GR03 5251 681L YBTV J1FW SC26 GNC,KSU,$71.35,8:36 AM,10:33 PM,Marjie Freund
IT09 Y474 5070 4995 R2H5 DXE1 CIH,JHX,$93.09,9:09 AM,8:12 PM,Sarajane Tefft
BR08 5316 7742 2490 5971 3182 562V Q,NVDQ,$39.11,9:48 AM,8:19 PM,Jesselyn Bottrell
HR25 2548 8791 6478 9391 6,ETN,$64.51,8:52 AM,10:43 PM,Cirillo Salway
FR24 8211 0968 48RW LFVP NM9M E03,WRE,$64.31,8:24 AM,9:06 PM,Bride Tampen
EE71 0909 8699 6987 3675,MFA,$34.42,8:46 AM,10:58 PM,Marketa Gaynor
KW90 OCHU QQNC EBTI FONL UMC4 FLFS YX,SYNL,$58.81,9:33 AM,10:02 PM,Jon Secretan
RS70 2710 2055 3297 2468 63,SBH,$39.33,8:44 AM,8:08 PM,Octavia Ruddin
IE07 GVTK 7792 4107 2852 51,COWNL,$63.72,8:04 AM,9:08 PM,Basia Stare
MR41 3526 4677 0875 1878 2958 847,BEAT,$64.69,8:27 AM,7:09 PM,Cullen Attryde
TR55 6948 4OYF SAAM NOU6 UGKO X1,EAGL,$49.34,8:43 AM,7:50 PM,Clemence Coyle
LI57 6915 5GNY U97F 3YNT 8,MHNB.CL,$54.87,9:06 AM,10:04 PM,Cesare Postance
SM05 C704 4144 591I K2YJ EDLX UUH,WTFCM,$75.36,9:31 AM,7:29 PM,Janet Everett
ME19 6843 9518 8558 4185 53,NUW,$39.82,8:57 AM,7:04 PM,Emelita Albone
KW57 DXLW Z6H1 8YZO 9OCG DGXP 9EXR KR,FBHS,$90.60,8:14 AM,10:33 PM,Red Vassman
TR09 3516 2HUP INX6 YMMP 7F6J XB,CSWI,$49.96,9:39 AM,10:27 PM,Clint Fruish
MU70 RPYP 1410 6932 1698 2695 811W BQ,ABBV,$84.07,8:42 AM,6:59 PM,Fredric Lambart
DE84 6697 6861 3658 7987 79,ATKR,$77.27,9:15 AM,9:56 PM,Griselda Cheer
FR69 1999 6169 80YZ RCJV GWXJ 788,KTWO,$46.98,9:31 AM,10:09 PM,Caspar Shervil
MD05 YPFM RSWN UO7E H7WL CXS9,JHG,$78.06,8:12 AM,10:23 PM,Arnoldo Whistan
GI50 YCEN XPRI T8QK L8CN 3UH,NXTM,$73.23,9:36 AM,6:46 PM,Darlleen Bifield
DE54 1862 1792 9233 7617 44,TRUE,$32.72,8:52 AM,8:30 PM,Renie McAree
MT55 RFDN 9716 4EJ2 C6DJ KTOF CJMO ITH,SHBI,$90.26,9:53 AM,9:55 PM,Basilius Hankey
MC10 3452 9898 37RA HXIQ WUKS D85,ERJ,$89.63,8:00 AM,6:07 PM,Hillary Melby
IL42 6948 0850 6266 7970 983,BXMT,$68.58,8:57 AM,7:14 PM,Jamesy Stapleton
MT14 JGZI 6997 3PG1 WBUW IV6Z TJ6M RW4,BOH,$43.63,9:46 AM,6:17 PM,Marianna Otley
PL27 0486 2831 4922 3305 6396 3402,ANDAR,$33.22,8:58 AM,9:34 PM,Emalia Powling
GI06 PKJE T0UI GPO3 URXU UV3,EPR^C,$79.25,9:38 AM,10:12 PM,Milena Catherick
GE58 RU69 9078 6550 5535 08,STZ,$67.66,8:52 AM,7:35 PM,Paulina Ply
FR19 4948 9369 92WK 1UWS PRKX L35,TRNO^A.CL,$91.15,8:14 AM,9:58 PM,Si Roycroft
MK26 703B B2O1 VDDP L04,LECO,$69.74,9:22 AM,10:00 PM,Nonnah Pettersen
CY85 1385 3922 F8XV DBOM Y9IK IHQO,SVU,$88.78,9:22 AM,8:42 PM,Monique Corr
AZ52 UOSL PWYK BYZQ QSGV 93MN QOAQ,JAZZ,$78.90,9:56 AM,9:31 PM,Corella Rollings
FR93 0134 3887 416M A6UZ 4UDW H48,NEE^I,$37.76,8:39 AM,6:59 PM,Pierette Siehard
GE15 QR20 2805 5518 5232 13,RDVY,$38.65,8:40 AM,10:23 PM,Frasier Chavrin
DK32 4150 8078 2792 14,CELH,$57.14,9:15 AM,7:49 PM,Trevar Balogh
LT14 1811 8742 1634 4485,REIS,$83.99,8:24 AM,10:36 PM,Palm Isbell
IL33 5838 2734 1751 6132 254,MLI,$52.66,8:37 AM,6:29 PM,Belita Bowen
LU49 581C JRP1 AHNW HHOY,KIO,$34.42,9:48 AM,8:20 PM,Wittie Minillo
LI37 3808 8GTL 08J5 XTFK S,NTWK,$68.14,9:28 AM,6:05 PM,Kiel Barnby
FR03 5057 6257 97HH KOBT SKFN G99,CHU,$30.03,9:16 AM,6:13 PM,Aile Muller
DK58 6550 3994 6796 87,ACGLP,$97.90,8:15 AM,10:58 PM,Roxy Van Merwe
FR13 6059 5597 50IH XMWJ YHB0 G16,CVGI,$67.02,8:13 AM,8:18 PM,Rhody Honeywood
GL83 3818 5444 6908 68,ICHR,$60.95,8:46 AM,10:54 PM,Kile Guynemer
MK48 671W SVWY MZ12 K69,CRDT,$46.97,8:21 AM,9:24 PM,Chester Rains
AL33 0439 3675 M1FN 9BWK LSYR SZVH,JNCE,$60.40,8:46 AM,10:03 PM,Essa Moulden
BH48 ZRAB VF3L CEX3 VPQ5 4R,AMGN,$41.83,9:14 AM,10:56 PM,Leonerd Pitcaithley
LU08 096V EE6G RRAY D9KW,SSW^D,$60.47,9:51 AM,10:30 PM,Conrade Sargeaunt
FR56 6913 9200 73UR HT7B RKIJ C65,CLNS^B,$73.37,9:43 AM,7:35 PM,Emanuel Treece
SK63 0147 8049 7661 6320 3681,CFX,$31.79,8:25 AM,8:39 PM,Hanny Elmore
FR62 2706 4428 27ET 9OAM ZQBB P66,NVDQ,$95.27,9:49 AM,8:00 PM,Jacinthe Hoyle
GE59 KG72 5318 8509 9757 14,GJH,$96.31,8:04 AM,10:37 PM,Mervin Utley
ME73 4368 8014 9386 5482 98,TOPS,$51.44,9:01 AM,8:01 PM,Filmer Mourant
FR35 7401 1456 66AY TKCQ JGVF X32,EXXI,$40.98,8:26 AM,10:36 PM,Jock Spohrmann
ES77 5356 9707 7696 7687 5443,ADTN,$86.10,9:53 AM,6:17 PM,Kandy Dearnaley
FR26 0965 6249 74LD 8PSK QLDL D58,NSH,$59.57,8:35 AM,10:40 PM,Car Lonsbrough
FR23 9498 8100 05PA FV8I OVYS Q10,OLD,$50.38,8:22 AM,10:21 PM,Frazier O'Shea
LV82 WERB JGKB AW8L FXEX B,TORM          ,$48.66,9:45 AM,8:31 PM,Tedie Plowes
AE83 3268 2810 6481 8985 252,OKSB,$99.81,9:57 AM,8:19 PM,Drusi McMackin
IS62 3727 2897 1323 6412 9755 69,VRX,$59.27,9:40 AM,6:58 PM,Sheela Betts
DE09 2527 1627 9146 0101 46,ARGS,$66.46,9:40 AM,8:31 PM,Andrea Elverston
FR93 8318 8636 51FQ HAHE BNXP F80,MSFT,$48.07,8:06 AM,6:08 PM,Jemie Massei
FR12 9170 0622 18UK VJVO Q1VL F38,MSON,$71.17,9:20 AM,10:37 PM,Chris Winterburn
FR22 4444 0377 52FX 77IV QL1U F78,SOR,$98.21,9:54 AM,7:32 PM,Jaimie Boules
IT97 U352 5065 371P GCKT 8O8D CQJ,SKOR,$79.00,8:11 AM,6:25 PM,Annalise Weathey
MT32 UNIY 0639 4YCR VCMX 7JKN BTDK NSA,CUBI^F,$95.41,9:59 AM,8:05 PM,Kamila Noblet
FR33 5553 2292 00G1 WT0S X3SD G03,CERU,$68.98,8:44 AM,8:54 PM,Darcy Seal
LU26 237L Q9WN MHDK RL6X,WCST,$30.57,9:51 AM,7:28 PM,Fredric Swaite
FO03 5205 1282 3196 19,MHF,$77.65,9:56 AM,8:31 PM,Esma Fickling
CR92 3834 3528 7837 6849 1,ABX,$67.11,8:22 AM,8:05 PM,Corry McMeeking
FR88 6044 9815 10KD GNWY BOB1 G30,SSWN,$79.22,9:59 AM,10:41 PM,Pietra Cammish
FR96 0937 2348 7052 LDSX 8PYS C63,ORI,$40.13,8:10 AM,10:11 PM,Krystal Chapelhow
PL82 5742 3600 3575 5116 8220 2775,VAR,$42.28,9:35 AM,6:23 PM,Alica Ravillas
IS43 5002 4748 2877 2598 6701 09,WFC^R,$83.14,9:06 AM,6:19 PM,Wernher Packer
BR20 7498 9130 7730 1539 9604 818V H,VIRC,$41.25,9:01 AM,9:21 PM,Hollie Earland
LT28 4557 7607 9838 9192,FMCIR,$47.77,8:18 AM,6:41 PM,Batsheva Katte
FR15 9152 3207 67FZ QOVI OHUU T81,RKDA,$60.68,8:34 AM,9:05 PM,Yvonne Nansom
LV71 YFBH XVPW YDNK MIMW S,RNR^E,$99.96,8:11 AM,10:35 PM,Aggi Pifford
HU77 5357 8767 4087 4722 2794 4709,IFN,$46.01,9:47 AM,10:57 PM,Grover Nowakowski
KZ94 2145 BOTE T8YF BN2C,INSI,$30.56,8:34 AM,9:15 PM,Giuseppe Sidden
LV66 YAQY DGOJ X7DY E5QC M,RDC,$36.91,8:06 AM,8:52 PM,Rusty Nutley
GL08 4670 6847 7898 08,HTLF,$57.10,9:28 AM,6:17 PM,Sidoney Tourry
IT13 B607 1529 270A BMZC ZLH6 75Z,HTLD,$89.31,9:31 AM,6:16 PM,Kelcy Mulhall
SK77 0488 3900 8337 3104 8337,NYMX,$80.59,8:01 AM,9:36 PM,Lillian Camilleri
SI66 8408 0718 0694 927,PFK,$72.41,9:57 AM,9:09 PM,Ddene Doleman
MK76 965H CQHH 5WI3 H79,TMHC,$31.43,9:03 AM,10:23 PM,Emmalynn Ameer-Beg
CH93 5337 1RAN DNY8 N9II C,QHC,$84.83,9:54 AM,7:55 PM,Germana D'eye
GE49 FW52 0037 4056 0958 62,PH,$59.10,9:02 AM,9:42 PM,Delly Abelevitz
KW65 JTHN CT7R FB6A 4ZYE WLBN PXWH CD,PEY,$47.97,9:50 AM,7:16 PM,Antonin Pantry
BR52 2564 4843 4636 0630 2433 394W A,GTT,$88.44,8:59 AM,8:05 PM,Kizzee Defraine
MU93 MYMD 4661 1810 0336 0534 723Y IA,PKG,$97.56,9:55 AM,10:47 PM,Fredericka Mayoral
MU22 AQAS 5856 3859 4351 2628 551O LZ,ISRL,$77.93,9:49 AM,10:15 PM,Jodi Kelberer
FR06 6381 0508 42JS FMOW 0JHU 528,GRMN,$82.76,8:50 AM,7:04 PM,Conny Slegg
FR35 5028 1351 32QV D89O L1BW 800,MCR,$84.79,8:17 AM,6:17 PM,Jarad Ketch
BR80 7359 2147 1140 5060 5246 474X K,PF,$95.68,8:01 AM,10:25 PM,Heddi Drezzer
IL34 9140 2119 5114 1216 656,OKSB,$37.59,9:06 AM,6:02 PM,Adiana Annear
SE38 2849 1840 2826 3878 1207,VEC,$60.10,9:21 AM,6:40 PM,Mariel Ghirardi
KZ78 906D DCEB FYZK TWKK,EVH,$94.20,8:44 AM,9:38 PM,Edlin Runsey
BA18 7556 5874 2703 2830,LKSD,$89.68,8:43 AM,10:51 PM,Cassie Hegdonne
FR62 9224 2392 90SB JYMZ JRSI Y28,SHPG,$70.19,9:17 AM,9:59 PM,Eugenie Romaynes
FR32 5251 0054 06DP QSS1 Z26Z E71,TAYD,$58.04,9:27 AM,8:06 PM,Byrann Zouch
GR10 4296 338S UNXU 7T6E NDDX LBI,MPB,$50.01,9:09 AM,8:02 PM,Torre Dislee
BE79 4663 4520 1080,LQDT,$58.61,8:59 AM,6:50 PM,Bron Diglin
FR95 2308 5933 158I K1PH 8E8W G23,SHO,$44.18,9:57 AM,10:56 PM,Dorthy MacCambridge
FR29 6995 1345 849U DLKU EHTH A40,GRA,$79.32,9:36 AM,9:58 PM,Gottfried Roistone
RS97 4643 8361 4259 4136 58,FFBCW,$74.27,8:23 AM,7:40 PM,Clerissa Denekamp
DE19 2059 0673 9609 4493 52,CHFN,$83.33,8:23 AM,10:07 PM,Everard Dilston
BA71 3056 8416 4305 7914,MPW,$75.47,8:16 AM,10:28 PM,Nial Musprat
FR35 7177 3522 96UH 4RIP WICH 541,MHO,$83.42,9:24 AM,7:36 PM,Jorgan Fishley
AE15 2213 1061 1466 2972 948,GOLD,$48.51,9:05 AM,7:49 PM,Bentley Sutcliffe
CZ43 9081 3756 6527 8544 5638,SVA,$44.22,9:47 AM,6:23 PM,Rab Chubb
MR24 0693 2164 7675 1993 5870 192,APC,$96.74,8:16 AM,6:33 PM,Samaria Quigg
SK38 2445 4976 1677 9122 7154,BTEC,$56.67,8:04 AM,6:58 PM,Amy Quig
TR78 5143 6Z0P 5MUU OAZ2 BF5K TQ,WU,$79.36,9:14 AM,10:29 PM,Neville Cartmel
GI13 YSBH ZFBK K9SG G416 QDO,CLRBW,$99.48,9:31 AM,6:23 PM,Peyter Gelardi
IL51 8987 8357 9710 2493 592,VRNA,$71.29,8:00 AM,8:43 PM,Luke Asplin
FR24 2715 4222 16RJ CI4E FZAR H07,CCOI,$76.05,8:05 AM,9:31 PM,Bucky Greenset
FR60 2755 7917 84YT SRDX 6RRR S01,HPE,$56.26,8:35 AM,6:34 PM,Seana Stilling
HU82 8484 1419 0251 3268 0025 4110,ITG,$44.59,8:11 AM,6:01 PM,Eustace McJury
IE50 FXEM 2123 3101 3333 80,SINO,$94.30,8:40 AM,10:05 PM,Morie Siward
VG31 FDDD 8820 8031 8260 4926,DRH,$54.11,8:34 AM,8:59 PM,Sada Oneil
RS51 9019 9084 8912 1761 18,WPG^I,$79.53,9:05 AM,8:19 PM,Anson Chantillon
BH19 OIZX 9SPX RIPR SCUF BM,MUC,$90.10,8:55 AM,10:24 PM,Collette Matyushenko
IS74 0178 5810 9555 4334 1611 97,GNVC,$77.18,8:03 AM,8:20 PM,Florinda Devanny
AL34 3619 9239 K0FU XAOS TKQS ADKM,NXEO,$94.62,8:10 AM,6:38 PM,Jeri Roblin
BA17 4597 6469 4914 1224,BPL,$72.97,8:11 AM,8:47 PM,Walden Witard
FI48 1208 9326 3363 07,MTBCP,$81.97,8:49 AM,7:37 PM,Letisha Housley
AE93 5616 5683 6949 8234 481,HUBS,$46.59,9:36 AM,8:41 PM,Leontyne Bachanski
VG88 CUYQ 4889 0323 7772 2401,X,$71.53,9:24 AM,9:34 PM,Lynsey Crissil
AL67 7687 2143 HOF5 RFQG HX0A T6C0,ACCO,$87.91,9:14 AM,10:12 PM,Leighton Goldstein
DK58 8482 2887 1721 03,STRS,$84.69,8:21 AM,8:28 PM,Chrisy Peirone
MU98 WAWL 6205 7490 2360 5651 304K HQ,GWRE,$85.55,8:47 AM,10:49 PM,Erina Harding
BE05 4402 4063 9333,NGS,$84.03,8:33 AM,10:30 PM,Nicolis Castellini
SE41 4332 1762 0037 5069 4816,SIX,$87.03,8:36 AM,9:59 PM,Demetri Lissaman
FO48 6603 1007 2778 11,IEX,$61.06,9:19 AM,6:16 PM,Gilburt Shatliff
FR42 2320 6798 11T2 X97C XT4C R83,DEL,$91.57,9:19 AM,9:50 PM,Rivy McGeoch
DK97 4527 0966 7269 78,MMAC,$54.66,8:19 AM,6:09 PM,Emylee Burborough
DE04 7860 2853 5627 0497 43,DIS,$66.08,8:31 AM,9:15 PM,Guglielma Fernez
AZ70 ZFJU CFOF MHH8 UJTC WVAV GNIY,SGH,$74.02,8:21 AM,10:36 PM,Norma Menhci
FR06 5513 1565 45JK GKSU UREC R33,PIE,$61.36,9:49 AM,10:31 PM,Addie Prando
ES75 3706 3951 6777 8927 5965,OMAM,$40.28,8:09 AM,7:00 PM,Estelle Drinkwater
PS87 YFCA 01C6 HLQW ZGYR IQHI 5OVV A,INVA,$87.70,8:24 AM,6:05 PM,Raff Durran
TR18 7782 1V02 TWW3 BUHX IDNI LF,UCBA,$58.83,9:59 AM,10:03 PM,Samara McColm
LB45 3624 IYDO 0HIF DJ7X HM3K 2VIQ,FLN,$33.63,8:26 AM,6:07 PM,Vince Hoodlass
RO47 LZJA T0PD LTOX XFCU NJB3,LGCYO,$40.92,9:10 AM,9:33 PM,Elijah Laux
FR28 6322 5409 07HB AMTZ 3AKL P27,LTRPB,$60.80,9:55 AM,7:20 PM,Faith Pechell
NO24 7027 7099 068,OASM,$90.07,8:29 AM,7:13 PM,Gabby Renachowski
GL41 0297 9256 6414 34,CVE,$57.15,8:17 AM,9:07 PM,Tillie Spiers
FR27 5518 6432 07MV NWBX RSTQ K03,SHBI,$90.67,9:24 AM,10:11 PM,Gayla Sicely
CH11 9881 0QB9 F4NP I57V R,CREG,$97.42,8:24 AM,7:47 PM,Laverna Looker
AD35 7621 7864 PFE4 C4MW GTWA,AMZN,$78.25,8:02 AM,7:32 PM,Valentino Aldie
GE08 KU19 7385 3721 9229 52,SCCO,$69.77,9:16 AM,9:01 PM,Fred Lecount
GB81 OLKZ 7995 1732 8803 97,OMAA,$58.98,9:39 AM,6:20 PM,Dela Dyter
IE46 RXQS 1909 6144 3192 03,AZRX,$92.28,9:01 AM,8:17 PM,Westleigh Sambath
FR29 4243 7543 46IP WTCQ 6XOX P54,CHSP^A.CL,$32.94,9:41 AM,6:45 PM,Eddi Consterdine
ES32 2053 1108 0073 0398 8151,XRAY,$77.48,9:39 AM,7:37 PM,Teirtza Gallifont
LT43 6275 2674 8871 9840,AXL,$89.03,8:13 AM,7:19 PM,Hodge Long
KW46 NWFC SDCJ IQ5Q QWC2 CFKK CTLT GW,WFC^Q,$99.82,9:05 AM,9:34 PM,Jenelle Brede
FR06 6908 0980 09KA HQHU DUW1 S25,CECO,$76.59,8:11 AM,8:09 PM,Eulalie Jarrelt
LU95 458A QY7Z 06KQ VT7W,SKYW,$54.33,9:08 AM,6:02 PM,Rowney Hariot
HU77 3567 4766 6631 8929 1446 9571,SBRA,$70.48,9:18 AM,10:22 PM,Martie Angus
IL02 2574 2163 1010 5083 877,CMP,$52.25,9:03 AM,8:52 PM,Lynelle Moneti
FR10 3052 5489 30KJ CZGX C4XH P70,JEQ,$78.75,9:20 AM,6:26 PM,Lucius Risborough
HR19 9135 3041 2255 2574 6,ROST,$71.64,8:05 AM,10:21 PM,Brittni Junifer
GI50 YPXX 0VTA GKB6 DIA8 EW2,MBVX,$78.41,8:43 AM,8:38 PM,Winona Enric
BH11 ASVL 0GFQ WA6U ND6E MM,EAI,$44.57,8:52 AM,8:11 PM,Bram Swindley
LU57 3434 RTHQ CX2S 0O5A,AMAG,$77.81,8:45 AM,7:40 PM,Dagny Kevlin
FR89 9030 2284 87JA O7RD Z3XQ 442,MD,$46.55,9:02 AM,10:15 PM,Melinda Fulleylove
VG60 NAZE 7926 9914 2284 8213,HIHO,$31.76,9:34 AM,8:19 PM,Suzette Loukes
SA93 24Y8 XT2Z DROM DANE 9VOS,CNP,$87.59,9:53 AM,8:38 PM,Maryanna Bohlens
ME67 8681 8064 3823 4772 68,HA,$40.96,9:00 AM,8:43 PM,Georgi Lyffe
RO41 WQBQ 6DRQ KZK2 ZMM1 4ITU,GSHTW,$77.52,8:31 AM,9:53 PM,Ainsley Farfolomeev
IT93 P794 8739 7588 29IH JNZV HFG,VEAC,$44.68,8:40 AM,6:28 PM,Joete Pratty
CR22 0527 7083 0456 9988 5,FCX,$68.73,9:16 AM,8:22 PM,Cassy McCoid
FR45 8467 9086 02QZ REOE SAYX U83,MFSF,$85.42,9:55 AM,6:44 PM,Micah St. Hill
BE69 1677 4802 0319,FLWS,$37.82,9:29 AM,9:50 PM,Roland Roache
SA58 423T YHNG ZGYW DWQN MOLZ,VGM,$39.27,8:53 AM,8:00 PM,Ronna Simmig
CH51 3845 7YNG KLTW A2PQ U,MELR,$50.22,8:05 AM,10:40 PM,Taffy Nockolds
BE60 3225 9015 5762,FRO,$76.63,9:48 AM,10:21 PM,Xerxes Spendlove
DO45 IZ4R 4036 1560 5498 4193 4078,RACE,$85.37,8:41 AM,7:25 PM,Suzy Eddowis
FR47 5758 9113 39LC TXGN SIBC E61,GTIM,$64.91,9:32 AM,8:09 PM,Erroll Gothard
VG15 IWON 2548 0708 9153 6539,CDI,$62.37,8:53 AM,9:54 PM,Danell Rieme
FR46 4245 2856 55V6 WTDC OYYC A44,GSUM,$98.09,8:03 AM,8:15 PM,Sheilakathryn Coulling
NO75 5058 6579 561,LGCYP,$54.12,8:02 AM,10:25 PM,Chelsae Trembath
FR65 0672 2644 76QO VAEE VFIZ P72,IMPV,$98.21,9:21 AM,8:46 PM,Ambros MacDermid
LI29 5499 39GU RXKD 7MYU 1,HRMNU,$88.47,8:11 AM,9:48 PM,Sharyl Yurshev
IS31 0477 0493 5354 9673 4502 42,LRCX,$36.77,8:01 AM,6:19 PM,Lisetta Dressel
FR65 6398 8351 53PY X7FX O20M K25,DBVT,$90.83,8:00 AM,10:28 PM,Myrta Eady
LV43 FXPJ OFYW EZ9J II7M X,PCMI,$37.87,9:39 AM,10:36 PM,Rosita Giabuzzi
MK60 983T MNPJ 9E3Z C09,TGTX,$80.45,9:10 AM,9:42 PM,Krispin Sharer
MD81 DCFJ WJXA YTU7 3PQX QA7E,AMZN,$54.90,9:28 AM,7:56 PM,Fabiano Yakobovicz
RO52 YKEG RVLW GHAG ZNZS LXMW,CATY,$70.61,9:08 AM,10:18 PM,Susie Powles
FR69 7654 0495 06TY BCW5 SFOJ F60,MDLQ,$52.06,9:48 AM,10:51 PM,Eleanor Buckler
IL06 0438 2252 5771 0615 798,AFMD,$33.62,8:10 AM,10:38 PM,Bartolomeo Fronks
PK63 SDRG POBB O7BE 1QUG EJC5,COVS,$86.12,8:15 AM,8:11 PM,Frannie Jeanequin
LV18 ITXY 2RT5 L11D TOJ9 I,TSLX,$70.02,8:19 AM,6:13 PM,Morlee Hulmes
FR16 3534 3067 62AE OPY3 SWPT A39,MGNX,$95.31,8:02 AM,8:56 PM,Sigismondo Auchinleck
IT23 X262 9655 954F XIMW PZ0C TDY,BH,$68.75,8:01 AM,6:26 PM,Teddy Trobey
GL74 7272 6153 9563 10,AHT^D,$95.12,9:03 AM,8:44 PM,Karola Brombell
IS27 7986 5175 6571 8139 4940 91,WPC,$86.67,9:10 AM,9:19 PM,Hillary Bordman
FR95 7834 7388 15J7 UIVW GMCH Y46,AN,$44.20,8:39 AM,10:09 PM,Cory Zecchii
LI04 6928 12WW HUQQ HJKN Q,CFI,$84.96,8:53 AM,10:21 PM,Iris Beurich
LU76 561D WR2I 9LES ZPPH,NAZ,$84.06,9:31 AM,7:36 PM,See Stailey
FR87 0673 6186 25G2 ULEO 5NEP L38,NX,$52.57,9:43 AM,6:54 PM,Shalna Plewman
CY39 2915 0415 YMKK WIB3 8I3E VDWO,SIMO,$67.87,8:50 AM,9:30 PM,Maryellen Thoms
MU71 GOJE 6176 9987 1897 3104 884M WN,KFY,$89.83,8:04 AM,8:00 PM,Dehlia Timby
DE16 6933 8021 3397 8950 36,KRO,$78.05,8:27 AM,9:21 PM,Alena Pawlett
FO92 3069 5649 6578 52,MERC,$93.27,8:29 AM,9:59 PM,Thadeus Kuhnhardt
CZ92 8053 4219 5756 7012 4211,RMBS,$99.76,9:27 AM,7:58 PM,Lani Haggar
FR17 4773 3577 75U4 JZ2F EEQP 632,GPRK,$63.57,8:43 AM,8:03 PM,Garek Keig
FR26 5237 2710 32RE LA3S 4MHR J44,BSQR,$95.44,9:18 AM,9:29 PM,Aline Bonny
RS82 8285 0438 4439 0391 47,ICUI,$75.47,9:05 AM,9:15 PM,Rachel Perry
SE67 4446 3519 7151 1538 6436,WYIGW,$80.51,8:44 AM,10:48 PM,Vasilis Hesey
MT47 CHOB 2173 7GYO LK7S 1QOI 8M2L 7IN,PF,$86.91,8:19 AM,6:05 PM,Hershel Tooth
AE85 6314 2203 9874 1754 037,RM,$39.55,9:11 AM,9:27 PM,Amata Erratt
KW39 ZLCL TNWB CRKU 9SAY EVVK I44V U5,PBSK,$99.62,8:08 AM,8:17 PM,Franzen Primrose
FR72 9658 8648 295E XIMY 9A5O E94,CART,$88.00,8:35 AM,9:27 PM,Lon Matches
GL49 2775 7141 5967 61,CID,$71.06,9:41 AM,6:49 PM,Zara Boutflour
CY73 5118 6044 05EH 0NWD X0NR OX0T,INSM,$60.05,9:00 AM,6:43 PM,Hanny Baudesson
TR21 8642 3UCF NXKF RB6S EYPG 1S,BC,$90.75,9:12 AM,10:11 PM,Sheri Denver
PK83 ZNEK 6DXL LQ7M YWW9 ZGYF,JAZZ,$95.32,8:47 AM,9:22 PM,Missie McClements
AD97 8020 1175 FYWC IF6X 0XI6,WEC,$46.22,8:41 AM,10:49 PM,Nanete Florio
AZ85 BOQU L1ER P18E PKAD 3PAO MAFF,FOMX,$45.66,8:35 AM,10:14 PM,Gigi McCready
CY13 9084 2629 TFKU AO5N PH5P YTNK,SOHO,$48.88,9:44 AM,8:02 PM,Konstanze Brookbank
MT93 WWJM 0858 9EMP MAQS 440J 6FFP 3UF,TFX,$79.48,9:18 AM,8:40 PM,Cinnamon Audley
FR16 7632 2053 38IP RYQ6 7GKV V35,KODK,$55.81,9:36 AM,9:42 PM,Tanya Humbles
AD45 0832 9822 4Z8C LAL7 NKJC,DYSL,$84.34,8:29 AM,10:52 PM,Marley Fust
MK11 914L PBNZ 6KR2 J02,VSAR,$96.76,9:23 AM,7:17 PM,Darbee Dumblton
MD18 BDB2 1WUL GRGO ZNHU FPIC,MIC,$89.44,9:28 AM,6:32 PM,Adan Esherwood
GR76 0021 420V QMNE AIOM ZJEW JQT,NUE,$91.18,9:25 AM,7:26 PM,Osmond Haydon
NL58 WVDX 1410 4284 57,ABBV,$79.96,9:17 AM,8:07 PM,Grete McAllister
BA18 3284 4755 1537 2798,YHOO,$67.11,8:29 AM,8:21 PM,Leonora Youdell
DE86 4082 8369 9246 3601 69,TESO,$88.28,9:13 AM,7:55 PM,Garvey Tofts
CH03 0222 3ICK 4LED VNBY G,BSMX,$70.11,8:08 AM,7:33 PM,Raynard Klement
FR38 2424 5963 911X EFJD QNRO 681,NHTC,$74.20,9:09 AM,6:39 PM,Karola Camellini
CZ18 5427 6591 8306 3758 0434,PPT,$89.08,9:11 AM,7:18 PM,Shanta Marnes
FR46 5134 1172 89VZ JJJM 3R3N G59,TOWN,$59.09,9:20 AM,7:24 PM,Avrit Hobble
NL30 OWEY 6891 7239 29,HOLX,$31.95,8:57 AM,9:39 PM,Melli Friedlos
GB77 TGFM 4951 3789 4593 19,FATE,$66.77,8:56 AM,6:26 PM,Alvira Scarlet
MK72 412J ISMR 6ETO C75,VRTS,$77.06,9:41 AM,8:00 PM,Tomaso Solomonides
FR62 5749 4056 55SA K4MR 0WIF O84,PNW,$63.07,9:25 AM,10:48 PM,Hanna Bradford
HR76 3968 1556 2758 1713 8,JEQ,$79.10,8:28 AM,9:20 PM,Thorny Allitt
DE03 9225 6802 2064 7091 75,ARNC^B,$66.90,8:54 AM,10:41 PM,Laraine Serridge
FR93 7942 0936 43HH I8LY CVIT P44,NTG,$34.46,9:54 AM,8:30 PM,Pegeen Pooke
BA15 4411 6347 7276 4228,MOGLC,$30.27,9:34 AM,6:50 PM,Gabbie Haffenden
DE74 7892 4001 1538 1961 92,ATHM,$97.25,8:52 AM,10:57 PM,Jacquenetta Stretton
FO13 2771 5728 0089 42,OVLY,$41.41,8:23 AM,6:44 PM,Barbara-anne Borgnol
AZ61 QODQ UKPX 9D8D IWOL 6EHI JLON,ACXM,$57.98,9:22 AM,6:38 PM,Trisha Hitschke
MR04 0915 7006 2511 9265 1002 446,JEQ,$96.91,8:48 AM,6:17 PM,Kendra Jurick
FR79 8823 6433 917F ZRPF VPHP 457,GDL,$46.30,9:28 AM,6:35 PM,Flory MacCardle
LB88 8046 GRER WI1Z X5LR OUPV ETJV,NHLDW,$53.58,8:12 AM,8:51 PM,Thorstein Duprey
SI94 1600 2670 9823 435,MUE,$39.95,8:15 AM,9:37 PM,Mohandas Arderne
BA87 6406 7961 2621 2620,KYE,$40.51,8:29 AM,10:26 PM,Noella McGuffog
NL65 FBYB 3368 5633 62,SNPS,$35.72,8:00 AM,6:42 PM,Josiah Dumbrill
RO52 LKVF U0GV 9DXF 56NF SRIZ,RSO^B,$52.21,8:25 AM,6:37 PM,Lorrie Smallpeace
SE89 9533 1759 2899 8303 7659,CGG,$34.51,8:15 AM,10:07 PM,Krystalle Blick
SI61 0079 1769 1849 013,ROYT,$80.14,8:27 AM,10:55 PM,Derk Tomney
CY87 5384 5804 JP8A NLYO IUBO 0MT3,SNY,$87.66,8:35 AM,6:07 PM,Diana Fann
FR17 9189 7693 773F LMRX MJSC 391,HOME,$36.79,9:03 AM,10:19 PM,Tanhya Wardall
FR18 7054 5274 85XK MXEP EXAV U59,ENBL,$37.67,9:09 AM,9:35 PM,Nickolai Rossander
CR10 4526 3474 2917 7674 4,FARM,$54.71,9:42 AM,10:33 PM,Winnah Comoletti
SK83 6065 6198 4955 4240 7407,NATI,$38.70,8:15 AM,7:45 PM,Joell Pusill
RS77 7256 9657 1294 6077 18,NOVT,$77.63,9:55 AM,6:14 PM,Corrinne Westgate
MR19 9956 8757 2735 1431 0704 736,WIA,$83.10,8:51 AM,7:15 PM,Abraham Litzmann
BR71 5191 8465 0745 6395 2523 252H N,SWIR,$61.55,8:02 AM,6:11 PM,Padraig Gunning
MT50 YLFM 3282 6V4V KPEV K76P KBXB 7NG,ASH,$40.41,9:01 AM,7:22 PM,Benedicta Nise
LI25 4288 9NQL Q7WX FQE0 S,BVXVW,$56.61,9:10 AM,6:33 PM,Leelah Harbottle
FI18 9689 8152 5180 98,RNR^C,$92.92,9:23 AM,8:36 PM,Wallace Coole
SM19 O807 1150 792F YFEC P7W4 DTI,CPTA,$50.46,9:15 AM,8:45 PM,Bradley Denney
MK29 702H UQSO H1FA Q75,INBK,$97.97,9:38 AM,9:20 PM,Meris Hammelberg
IE07 FUML 1959 7668 4923 42,CIDM,$64.92,9:11 AM,9:04 PM,Baudoin Bondley
FR79 4114 3145 64BC XK1Z UFIR X08,TPIV,$49.84,8:50 AM,10:50 PM,Yancey MacAloren
MC74 7189 1637 71IN TCK8 707G E30,FTXR,$97.86,9:22 AM,8:21 PM,Regina Clackers
FR44 6503 4041 871A OCPJ KFA1 392,ATXI,$51.25,8:54 AM,8:21 PM,Antonietta Pinare
AZ52 QRLW ZO0O L0FE 4QND GGMA QFPG,FNLC,$79.72,8:53 AM,7:01 PM,Moritz Soans
KZ18 349Y 4SSH 92XG EYSX,NBHC,$95.81,9:27 AM,8:08 PM,Marget Glanders
DE61 9509 9867 1671 7084 14,MCS,$79.49,9:01 AM,10:22 PM,Kaye Domesday
FR56 1703 6192 74PC GIMT TLOS B83,MLNK,$70.02,8:33 AM,8:40 PM,Paolina Cork
MK48 967D CODL SSFO Z10,MER^P,$89.13,8:41 AM,9:27 PM,Jan Andrieu
MU48 ZDVV 1469 1024 9317 3346 025J PC,CMLS,$60.68,8:55 AM,6:57 PM,Fin Blackford
FR95 4570 3280 68KD 9M3B AAJX H99,LMOS,$39.89,9:38 AM,8:14 PM,Tamara Serrurier
IL65 3335 6954 0569 1188 923,LBTYK,$32.40,9:45 AM,8:44 PM,Fannie Cattel
MR41 3383 4740 4735 9216 6964 317,SRET,$73.62,9:52 AM,9:48 PM,Duncan Bonelle
PL71 3228 2905 3031 4300 9757 1655,FLOW,$91.60,9:38 AM,10:03 PM,Nesta Avraam
MK60 979F YITX VDQV F89,AMSF,$32.45,9:15 AM,8:53 PM,Jackie Mearns
BR56 1158 2220 2447 1145 0890 564O G,SILC,$58.58,9:30 AM,8:24 PM,Luisa Beckley
FR74 2583 6436 33QR B5IK TRNF I96,PCSB,$76.08,9:33 AM,7:20 PM,Adan Sture
LV52 UQVT 4KVQ I2SP TZHR X,FLGT,$51.13,9:51 AM,9:25 PM,Margalo Sunnex
HR68 5014 9628 0370 7728 2,ARDC,$75.72,8:06 AM,8:18 PM,Rosaleen Beardshaw
LB16 4671 GUYI UVJK HNIB PHQX GAFR,PZRX,$72.81,8:36 AM,9:43 PM,Babb Klimschak
GI65 UGXS EJDM IU6F CMXV VQW,ETH,$81.56,8:55 AM,10:00 PM,Katlin Pratley
FR83 1356 5720 23VW SURW ELLB 284,TRNO,$79.01,9:34 AM,9:26 PM,Pierre Jilliss
ES97 3954 3984 6030 3944 1650,CUDA,$88.64,8:51 AM,10:03 PM,Martin Voaden
PT43 3685 2051 9010 8280 4703 7,SRV,$41.44,8:43 AM,9:20 PM,Randolf Gateland
FR06 2025 8485 25PV 3IXR UF51 M07,TWOU,$62.13,9:54 AM,8:53 PM,Kerianne Loughran
FO85 5516 6247 8668 61,TEAR,$41.63,9:00 AM,10:14 PM,Lynea Hamsson
HR07 5778 0609 4697 7192 1,G,$88.01,9:34 AM,9:14 PM,Emalee Hennemann
KZ73 417D 20XD 8QSS 4GTC,CHKR,$75.36,8:41 AM,10:57 PM,Issy Fackrell
ME06 3182 8727 8372 6345 82,ATOM,$69.73,9:26 AM,8:09 PM,Clerkclaude Seckington
FR15 1021 0586 95QE 3RWF DCPG O44,ZTR,$50.07,9:16 AM,7:57 PM,Marla Brugger
RO28 MNBY 0ZHF YCH3 7HXO XEBT,JMU,$56.96,8:59 AM,7:38 PM,Bendite Blowers
HR71 9192 6470 8469 7968 3,POR,$82.71,9:32 AM,7:07 PM,Dilan Allardyce
MU75 MJAS 2215 8618 6471 2220 171Z PR,PJC,$73.07,9:28 AM,6:53 PM,Abbie Tower
HR45 7264 6634 8569 1456 7,MFT,$58.09,8:02 AM,9:58 PM,Goober Parmenter
DE03 0676 9019 9485 2535 21,CIO^A,$67.21,9:31 AM,7:02 PM,Willa Rosenstock
MR31 9992 4397 1695 4315 1709 668,VTWO,$49.12,9:54 AM,8:02 PM,Quintana Burnham
CZ65 9307 9668 0100 3616 8466,CHRS,$93.12,9:49 AM,10:42 PM,Mart Stile
FR07 9225 6339 09UB O1V8 RVNS V71,OIIM,$49.28,8:21 AM,8:08 PM,Marianna Whardley
AZ26 TYBM J3KV 9PM1 DUQV 0PAA 9U1D,MDIV,$69.68,8:42 AM,8:35 PM,Jodie Lead
PK78 NLDH F07S BCL8 17KT S4TP,AMRB,$41.48,9:06 AM,9:28 PM,Wileen Laurenson
MD63 PZPG HMDI JJFC FLAJ FOGI,PRAH,$41.92,9:02 AM,10:01 PM,Patrice Ovenden
CH10 4210 5LVZ BHPD NYON H,BIOL,$91.12,8:26 AM,6:27 PM,Camila Canacott
LV65 CWDQ 7SLM ZTZL CJEX E,MPVD,$95.18,9:34 AM,7:21 PM,Carol-jean Joubert
SA45 63UP F9HU LTA1 Q8I7 UV4F,HYLS,$85.90,8:04 AM,6:13 PM,Terese Austing
BA47 1109 9070 9366 2808,ISD,$71.61,8:13 AM,9:48 PM,Minta Chancellor
NO69 7316 3337 623,FRP,$64.07,8:02 AM,10:17 PM,Marcelo Bakhrushin
TR22 7138 1MN9 9PTF JUKM 67HQ SX,GMS,$59.05,9:45 AM,8:12 PM,Katha Benediktsson
AZ42 SPOS QXTM RKJX BJPM RIZH MNCJ,VTTI,$36.89,9:09 AM,10:53 PM,Anders Sorensen
MD94 VVVA HPKV 5BHG EYJO BCPM,FINX,$69.38,8:16 AM,7:36 PM,Shaina Blais
CZ42 8321 8089 7935 7411 4263,USATP,$94.51,9:12 AM,8:38 PM,Daria Brognot
HU50 2046 1464 4545 0514 9318 6085,LGCY,$93.61,9:10 AM,7:55 PM,Friederike Deverille
IL93 3675 9627 7700 6810 375,PCN,$52.17,8:37 AM,8:19 PM,Balduin Vannet
LT97 6311 1971 8717 0601,APPS,$63.25,9:10 AM,8:36 PM,Allis Pearman
LV23 NUKR 9DYP 8AIU LJOC I,CHDN,$71.84,9:18 AM,8:39 PM,Sissie Nottingham
PL84 5644 0259 1153 3484 5014 6227,MTOR,$39.65,8:06 AM,10:39 PM,Miller Filipson
FR16 2014 4147 64YR RM9H 625X M80,CUK,$65.52,8:07 AM,9:55 PM,Sheeree Sandercock
FI55 6881 9759 0822 09,FSCFL,$95.57,8:57 AM,8:00 PM,Shea Murkus
AT67 9422 2810 1274 2571,BNED,$56.40,9:01 AM,7:35 PM,Atlante Littrell
RS58 5347 3992 2393 2247 02,PXLW,$60.28,8:32 AM,10:14 PM,Sigmund Saylor
KW73 ERLJ GXFF ZTGX M7AY TQ85 MMB6 AW,KTF,$47.93,9:38 AM,7:21 PM,Hedvig Louiset
MC58 3765 1291 21NQ KEHA ZLFA J78,NFBK,$46.27,9:38 AM,8:37 PM,Glennie Jacobbe
MT89 MFLK 7513 1HOP XJIV 819W XA9S 7BN,CB,$33.48,9:54 AM,7:44 PM,Hope Greenacre
DE64 7674 5657 9418 0300 34,TX,$75.37,9:36 AM,6:38 PM,Russ Acuna
MR50 5021 5140 4707 4961 6710 657,MOH,$48.01,8:09 AM,8:48 PM,Austin Belcham
FR96 8104 8018 074S ESDR QSR1 Z02,BID,$42.81,9:08 AM,7:07 PM,Babbette Ellesworth
AD21 9852 1524 HESJ BUHV SNCQ,CTBI,$83.51,9:39 AM,10:26 PM,Silvana Easterby
LI28 6811 4LWV XSLU 5QLK X,PSA^V,$90.67,9:14 AM,8:29 PM,Faythe Bickerstaff
FR05 1072 6401 626G BS6G 7DOQ C04,MNST,$35.90,9:48 AM,10:56 PM,Alfred Obern
RO93 JMZU BZE8 ARMB OKAW IGV8,AGD,$69.86,9:24 AM,8:35 PM,Emmott Malcolmson
LU38 173W SNFW OHTP 9XNG,PPSI,$87.49,9:07 AM,7:36 PM,Sanders Anderl
FR84 5459 1600 527B KBUU HPOI O60,PTIE,$44.63,9:02 AM,9:58 PM,Michelle Flatman
BH60 LVWH FIVS JZPH PP0I WZ,PZC,$94.84,8:27 AM,7:07 PM,Sayer Lishmund
FR95 2044 4839 16B5 XQFX JQKC O77,RNVA,$99.93,9:54 AM,6:34 PM,Bethanne Leneve
FR73 8295 5917 82YL UQXF Q5OH W05,RAS^C,$74.46,9:21 AM,8:39 PM,Paulita Taillard
FR94 1796 8053 19KX NXAA ZQQJ Y26,CYTXW,$96.27,9:42 AM,6:42 PM,Bank Housaman
VG07 UQZO 5180 9873 9182 0674,IHG,$91.28,8:09 AM,8:51 PM,Deborah Jerrams
FR04 5501 2255 99NG GXCH E1AN L56,FEM,$52.46,8:57 AM,7:09 PM,Alvy Davidovic
GI32 KILU XXHW MYGQ GP9J FFL,MINDP,$51.53,8:05 AM,10:18 PM,Wynn Burgwin
KW50 ZIUP MOAP 73WH T3Z6 8QZF 1CVE MW,HSBC,$62.97,8:53 AM,6:40 PM,Joshia Hugk
AZ51 RHTU V0LX XFAF FAEL 5W4K TLUL,QUIK,$70.34,9:31 AM,8:01 PM,Dalt Sidwick
HU13 5728 5684 7568 3013 6108 3791,RATE,$53.34,8:01 AM,8:12 PM,Mitch Ablitt
AZ77 TIME V6XF 4F4T G1IO CXW1 VR2N,JMF,$68.35,9:41 AM,8:24 PM,Rice Neno
FR59 3450 1986 90BZ GQCD O4W4 X80,PBBI,$55.74,9:39 AM,8:48 PM,Anders Childs
VG33 HIGU 1502 3189 7564 3354,AGEN,$61.96,9:48 AM,7:37 PM,Hedvige Hamlyn
ES45 6751 2746 6614 2696 0500,FPH,$55.83,9:40 AM,9:53 PM,Agnella Serchwell
DK05 3835 7486 3427 41,TYG,$60.51,8:46 AM,7:59 PM,Grissel Bittlestone
EE60 2559 9248 7045 8884,TVE,$45.85,9:17 AM,10:54 PM,Feodora Heaney
LB90 1755 W9F0 EPT2 6ODF SQUR YKQT,FPL,$97.06,9:29 AM,6:52 PM,Lolita Gerger
CZ58 7814 3524 2394 3314 8079,FRC^D,$33.46,8:08 AM,9:39 PM,Marquita Dowyer
VG08 LSBH 6602 4368 9435 1995,ELECU,$40.93,8:19 AM,6:19 PM,Linnie Quoit
FR47 5927 5736 85TO QFOC AX5U Y39,ESGE,$46.90,8:48 AM,7:33 PM,Dallon Firbank
PS26 IZCX INNB 8PS8 CNC9 WEVH E0OF E,ABUS,$88.58,8:01 AM,9:31 PM,Forester Molian
LI68 1052 2CWS JA2J EYTO 7,STT^E,$74.81,9:23 AM,6:19 PM,Kathy Worthy
IE89 PZDF 4497 6548 5766 71,ABDC,$39.07,8:58 AM,6:19 PM,Halli Manuello
CY81 1939 0564 9W34 VEPB MWKX LS9Q,ELECW,$89.77,8:17 AM,7:47 PM,Ted Jojic
PT84 7275 1787 1889 9219 0761 7,CPTA,$56.12,9:40 AM,8:45 PM,Merrel Vallerine
CR32 8749 1214 8519 7793 8,AXR,$69.73,9:19 AM,8:46 PM,Allistir Ainsworth
FR92 1260 4050 300R 9SKR 9O3Z M64,CBL^E,$99.61,8:01 AM,7:55 PM,Berne Spring
GR10 2336 499R Q28Q RUIR ASCN HRL,JASN,$71.22,9:11 AM,9:24 PM,Teddie Purchase
PT13 7840 2466 2076 5916 3952 3,NBHC,$55.94,9:15 AM,10:13 PM,Emilie Gwinnel
FR71 3913 1247 07WX QFCP TJZO 572,NYMT,$59.44,9:06 AM,8:10 PM,Roth Tezure
IL36 0542 3873 4811 4066 747,TWMC,$99.37,8:45 AM,9:00 PM,Nerte Reubbens
AE86 4320 8308 0162 0181 432,PSTB,$45.81,8:13 AM,6:46 PM,Cecile Phifer
LB60 1149 XJUO 9JUQ FMKG LY38 LLR5,CLA.CL,$79.23,9:22 AM,7:04 PM,Lothaire Lednor
LI60 4902 48EK CKQB ODPQ F,NTRP,$49.59,9:55 AM,8:22 PM,Sena Jaume
RO49 PBEQ 71GR HDRA 6LBK 1I3C,KED,$74.16,8:23 AM,9:20 PM,Benton Durrand
IS63 3416 5464 5334 7364 0774 86,IZEA,$58.73,9:00 AM,6:42 PM,Corri Jewitt
VG93 NQSZ 1572 9888 0653 1436,COP,$51.36,8:09 AM,10:33 PM,Zorina Hallyburton
FR11 9988 5155 27DL SGFI 5M5K J79,UEIC,$34.73,8:28 AM,9:17 PM,Alwyn Giovanizio
FR74 9569 1204 997G YFFC EHGF L14,NCMI,$37.53,9:56 AM,8:05 PM,Tami Reape
TR04 6324 6IY3 UYAK WHNY PLNP 1Z,KOOL,$57.48,9:41 AM,6:27 PM,Erda Balnave
PL24 5951 9075 7967 3956 9121 6183,RYAM^A,$56.63,9:13 AM,6:23 PM,Brina MacKimmie
AE42 0263 7751 9558 4707 081,SNDE,$53.86,8:55 AM,9:26 PM,Abie Millwater
BE49 3204 0995 0689,KMPR,$35.44,9:55 AM,8:37 PM,Babara Grigs
GE37 PT06 1417 3370 2120 62,NR,$82.26,8:33 AM,10:34 PM,Clemence Phelp
GB91 AOIP 5711 5681 8094 16,HSC,$39.05,8:27 AM,9:53 PM,Marcellina Hiscoe
RS19 0240 1979 0188 7289 37,WRK,$68.11,9:39 AM,7:45 PM,Virgil Dimitriou
IE03 HJZZ 3947 9742 7010 69,JE^A,$48.85,8:23 AM,6:49 PM,Galen Churn
PK69 LJYI L8KU H3AP PLHK GEWB,PIO,$90.31,8:16 AM,10:54 PM,Cleon Cumesky
BR06 1723 1665 8904 3617 9422 784Q O,HCSG,$36.84,8:03 AM,6:23 PM,Kassey Normanville
FR68 3025 4041 85BU ULRO HS9J R04,SCHN,$69.27,9:23 AM,10:23 PM,Hamish Chaplain
FR32 3003 1815 37PE PMOH JPTV W72,CHT,$60.28,8:32 AM,7:27 PM,Jacqueline Sparshott
GR98 6348 835G JTGY CYKV DUFX UPJ,CLF,$77.50,9:32 AM,9:53 PM,Rowan Fremantle
HR51 8337 4872 5526 3018 1,BMRN,$83.51,9:55 AM,9:48 PM,Alvy Collibear
BH63 IEGH Q3PL AJGE S2C0 RO,AGFS,$87.54,8:12 AM,10:58 PM,Daryl Birchett
FR66 3325 8000 16B4 9TVE HCSP S74,KTH,$49.45,8:42 AM,7:41 PM,Claribel Wadforth
FO41 2563 3505 9951 07,PRIM,$68.65,8:16 AM,9:02 PM,Tony Mingey
BG89 DDRL 1460 04WG RQAH IX,ABEOW,$93.38,9:23 AM,7:18 PM,Fraze Jayes
KW74 KEWO QC2H PBZL L7TT EXEO KU7Y VK,STAR^G,$46.98,8:03 AM,7:54 PM,Ralf Dugood
NL50 QVLP 0758 8036 26,DXTR,$72.07,8:35 AM,9:32 PM,Gabie Gilder
CR08 7727 6521 6288 1414 2,GPK,$85.28,8:41 AM,10:00 PM,Bentlee Oloshkin
MC38 0011 8891 10FU NERL R3LS V34,EBF,$57.96,9:32 AM,8:24 PM,Edmon Hembry
FR94 5447 2442 65GD N090 0U8T L93,ZIONW,$32.22,9:48 AM,8:55 PM,Joannes Alexsandrev
HR51 8899 7878 0821 2260 6,OLD,$84.46,8:55 AM,9:01 PM,Loree Fairtlough
FR68 9679 6253 97JT AYFK E2IU P61,FLT,$65.74,9:10 AM,10:06 PM,Glen Slyde
MK47 616X M1TQ H3TD U68,BRK.A,$55.70,8:14 AM,9:56 PM,Ivory Bruckmann
SE48 4622 1247 9164 1806 5984,APLE,$69.64,9:39 AM,9:13 PM,Dolorita Harcarse
LU73 407W QR97 XN0O ML8I,MS^F,$95.19,9:54 AM,8:36 PM,Lanie Hebblethwaite
LT49 0403 9659 9216 4102,UCTT,$50.66,8:31 AM,7:26 PM,Mahalia Burg
BG67 BMYF 3016 65SF DWFN VY,KOOL,$71.06,8:28 AM,6:22 PM,Con Stonnell
GB84 RWLO 1771 4304 2740 14,FNBG,$52.16,9:18 AM,7:41 PM,Hayden Habergham
FO77 0510 3306 3573 12,AAN,$36.41,8:24 AM,7:44 PM,Davine Farington
LB67 9598 HEWS VSPQ JDPB 9P1G SD2U,MUI,$81.15,9:50 AM,8:47 PM,Stormi Macvain
GE84 YO75 4201 8113 9480 93,DS^B,$32.58,9:45 AM,7:24 PM,Lauryn Crus
FR11 4967 7149 42LU KXXN DCWP I62,ATHN,$78.01,9:23 AM,10:03 PM,Sher Tremayle
GR63 9095 149I MTYJ TYHB EJU3 VTO,ADM,$55.29,9:01 AM,10:09 PM,Dewitt Smidmor
BG87 TKQN 1897 35SL B4JW RO,VALE.P,$90.34,9:03 AM,10:19 PM,Garnet Stow
TN41 9840 6049 0768 9004 5827,CHRW,$75.15,8:03 AM,9:16 PM,Burgess Stoffersen
AT24 9361 5641 6388 6441,ZGNX,$52.64,9:02 AM,9:04 PM,Maritsa Saice
BA60 3453 6865 4690 9839,EMCF,$81.32,8:22 AM,9:20 PM,Gonzales Denson
BH16 KSVI K3HD ABZM S7YG 5U,CHY,$77.28,9:42 AM,8:26 PM,Phil Lezemere
CY02 4916 7268 9VBJ H2MH HCYQ NPCD,ENTA,$40.06,8:57 AM,8:41 PM,Willie Strelitzer
IS03 8255 4514 2863 8378 7061 71,STLR,$44.96,8:07 AM,8:00 PM,Allyson Crosswaite
TR32 2175 5NBK 9FOJ DZ20 VISX UX,SNHY,$63.85,9:07 AM,7:00 PM,Jaclin Castenda
RO03 QBHW 8LB1 5IRG D29P E9QG,LNT,$99.29,8:05 AM,8:13 PM,Gibb Cooke
DK51 5400 6396 3472 32,ILMN,$70.49,9:42 AM,7:57 PM,Mommy Shurlock
FO46 4360 3391 3304 67,ON,$99.73,8:58 AM,7:19 PM,Kennedy Eddie
DO47 QMW0 2328 9245 5792 3157 7453,DGAS,$91.86,8:55 AM,7:11 PM,Ingrim Sloey
BR28 5435 3756 1878 3309 7014 465T N,GOODO,$36.20,8:48 AM,7:50 PM,Marcos Darkott
FR74 3463 2217 01VD FXHV VB0V L08,SCG,$82.71,9:29 AM,9:31 PM,Peta Bowne
FR61 7686 3513 12HP 11CX ZDCO B61,FSCFL,$97.21,9:48 AM,6:04 PM,Raimondo Lillford
FR68 0949 7648 05Q9 DZZJ XW7C I78,WFC^T,$63.65,9:31 AM,10:00 PM,Felike Flaxon
ME75 4429 0412 3316 5607 21,CLSD,$30.82,8:24 AM,7:14 PM,Claudianus Klug
MC85 0581 5117 93JJ F7TA 5WYZ E56,PEG,$33.84,8:59 AM,10:18 PM,Fidelity Frier
FR83 8082 3014 517I CDIK LUKO E21,FCH^A,$70.79,8:05 AM,6:35 PM,Flint Belamy
MR59 0247 9736 9212 7133 7582 964,SWP,$93.51,8:34 AM,6:21 PM,Barnett Whitfield
AZ80 ZKNG 1D2K Q9DT D8ZV QX2N BN7W,GBLIZ,$47.57,8:13 AM,7:13 PM,Aguie Creevy
FR09 0133 2425 43RI SVLF PARP K96,CPE^A,$95.80,8:34 AM,8:37 PM,Poul Wain
PT20 6240 3550 9033 7528 9895 2,EVBS,$35.76,8:57 AM,6:09 PM,Norri Riccelli
GE13 IK78 9896 7713 8244 43,REGI,$90.82,9:42 AM,8:41 PM,Wilek Vuitte
GE77 RX94 2232 4706 7172 89,HSEB,$75.87,9:48 AM,8:40 PM,Travis Philpin
AD68 2011 9929 YBXE DAKS XDPV,NICE,$84.97,9:31 AM,7:29 PM,Kippy Tourry
MR91 9041 4676 9620 4348 2491 560,ICD,$42.66,9:22 AM,7:45 PM,Gram Skillicorn
BE23 0890 3512 8022,SWKS,$35.66,8:31 AM,7:27 PM,Annadiane Islep
PT09 8696 1964 6039 5451 0037 2,CYCC,$73.28,9:42 AM,10:47 PM,Donna Tunney
BR24 2412 7926 1941 0117 8638 114T 8,QPACW,$74.80,9:15 AM,6:42 PM,Almeda Muck
DE96 6762 8588 8154 8355 80,BBBY,$77.40,8:37 AM,7:20 PM,Petronilla Rehor
IE81 WVEW 9651 0452 5447 79,AMKR,$51.75,8:45 AM,9:07 PM,Deedee Gartan
CY59 3463 6642 F5SQ IYZH IJAM TA94,MFIN,$81.62,8:05 AM,10:33 PM,Sayres Lowde
BE52 3445 5653 1660,MOS,$76.73,8:05 AM,10:19 PM,Lola Winterburn
BH29 LVEL YCCM 4UDS KNV4 JH,VUSE,$58.15,8:29 AM,7:39 PM,Eva Clousley
SA41 71UC QDFN YJNI AIKS PFTS,COF^G,$67.62,8:58 AM,6:51 PM,Olly Krelle
TR15 5685 9S4T MAOU 4UHJ WVOO 62,PFLT,$81.25,8:30 AM,10:38 PM,Leeanne Palffrey
IT65 O741 2150 8198 DNOT J4QX U1H,CA,$84.39,9:50 AM,7:48 PM,Caesar Revens
LV48 LHWQ PBSH RZME OGKO D,FIBK,$91.10,9:17 AM,9:32 PM,Nathanial Currin
FR50 9752 7709 90JD 5QLP K1BS U96,BRKS,$98.29,9:44 AM,10:01 PM,Jakie Biasotti
ES64 2275 0507 8317 7690 9433,ARI^A,$40.13,8:56 AM,9:45 PM,Myrvyn Damarell
SA55 64UL S5VP Y5KG ELMX 6ZLY,RGEN,$57.18,9:28 AM,7:59 PM,Tanny Boeter
RO16 TCAO 4CKC NVOS U1BQ 3T7M,OMAA,$51.41,9:09 AM,6:01 PM,Martyn Coard
FR36 3041 5234 69TT 3GTM LDES 513,MCHI,$73.50,8:52 AM,7:01 PM,Lyndsie Bruce
FO64 2749 6839 8538 51,AN,$84.89,9:48 AM,7:35 PM,Angelica Antonignetti
PT74 7061 6700 7236 1062 6805 7,NNDM,$91.49,9:29 AM,7:17 PM,Byrom Seals
FI10 5983 1649 6348 57,FLC,$67.72,9:43 AM,9:03 PM,Susanetta Maudsley
MR31 2053 0806 4509 4976 0986 276,BBY,$57.74,9:57 AM,8:34 PM,Othelia Wigg
MK10 378P H0V6 HYYU A73,SMBK,$84.71,9:29 AM,7:08 PM,Andy Maynell
LB63 2752 OF7A TARM YWAX WJMH 0G5R,IDLB,$36.32,8:59 AM,10:44 PM,Claiborn Featley
AZ57 OUUV 99BJ OIEA HQXH 1TMM JAT5,BAC^W,$84.13,8:23 AM,10:51 PM,Starlene Masterson
FR79 7881 6916 84DS UDOU JOYH V70,AER,$72.64,8:49 AM,9:42 PM,Harri Deave
LU03 616J PLOR ISXA 5MSV,BITA,$62.86,9:14 AM,9:23 PM,Dieter Rozier
AT91 7218 1383 3826 5720,FCFS,$48.92,9:02 AM,7:22 PM,Thebault Castree
PS96 CNMB ANTF UYIL G5E7 9HKL 4RUG 3,CII,$36.47,9:14 AM,10:05 PM,Sonni Heineke
PL67 2760 4908 5030 0776 7233 6037,SFUN,$57.00,9:10 AM,9:20 PM,Valaree Savery
FR17 4439 5903 03EW KQKP TYLV 762,MUX,$78.55,9:54 AM,7:44 PM,Austin Corson
FR40 3784 9632 758B BIBL LC5G W74,ANW,$55.28,8:19 AM,7:09 PM,Florina Reboul
LI70 6310 8QJS OJ2K SBRC C,EGOV,$66.66,9:45 AM,7:02 PM,Kearney Hryncewicz
NL49 PBMT 0748 7586 18,MITL,$91.84,8:16 AM,7:40 PM,Paulette Juzek
ES86 1391 8062 3146 3002 1153,CRCM,$63.21,9:39 AM,10:24 PM,Glynn Sonley
IT30 D661 8539 726A N8YX KDWC PDS,FRP,$67.84,8:17 AM,6:46 PM,Shell Surmeyers
PK07 TUDT FRZF V2G8 AKR9 M8G7,GENE,$80.98,8:35 AM,7:46 PM,Nealson Jezard
GR85 7118 257X IYHM 4J0O P7XZ SQP,ATRI,$31.81,8:36 AM,6:14 PM,Sidney Kermannes
FR59 1452 3464 88WZ W3PO WHCI C41,OIBR.C,$68.46,9:54 AM,9:20 PM,Rochella Eplett
MU49 QGLR 9758 4747 5260 2699 774T HS,VVPR,$51.09,9:56 AM,9:43 PM,Jeremie Cottisford
KW36 VKOH VS91 AD8I BBQK OUBV GPVF 5W,BMCH,$57.92,8:29 AM,7:05 PM,Marcelle Blackboro
CY91 0771 8423 U8TJ 2V08 X48Y 1WAL,CTLT,$97.48,8:17 AM,9:37 PM,Tybie Warwick
VG34 DSBS 8854 6966 9889 1781,UVV,$53.61,9:48 AM,8:48 PM,Tedra Cregg
GB32 MOYW 4772 8363 0556 94,CTRV,$94.75,9:46 AM,8:34 PM,Robbie Skipperbottom
FI39 5490 3372 7041 21,SQM,$33.19,8:09 AM,7:13 PM,Micheal Loxston
ME81 5155 6239 0786 3642 86,SXI,$98.18,8:40 AM,8:47 PM,Sybil Timblett
FR47 0046 0237 17NX EX9A S6WD W24,TLI,$66.26,9:41 AM,8:50 PM,Raye MacDougal
FR58 2591 5224 01BH PFQW GRIX R18,MSCA,$43.40,8:55 AM,9:25 PM,Carie Huffy
GR81 0368 946R GJKD BUVX FDXX NQT,DHG,$72.31,8:47 AM,6:58 PM,Jeffrey Felstead
FR41 6641 9467 32FL 54XU CRBB 955,COMT,$57.21,9:26 AM,10:46 PM,Mignon Fulks
BR50 8092 8305 4126 5782 7763 005Y S,MNTX,$82.36,9:48 AM,9:46 PM,Ara Braikenridge
PK71 OSWC W9VM PQWJ TZHS WOF9,CAMT,$96.72,9:56 AM,9:14 PM,Karena Gerardeaux
NL68 WXVG 6494 2721 15,ASTC,$58.35,8:45 AM,7:03 PM,Vaclav Morten
HU24 0994 2461 7721 3620 5246 8249,ABIL,$59.44,9:57 AM,8:40 PM,Adela Giff
CH44 1489 72WZ CAFX HAMI Z,DGLD,$31.39,9:53 AM,6:50 PM,Skippie Christal
FR14 4909 1985 68LO KXBW GQRH E10,GFI,$81.28,8:39 AM,10:24 PM,Carlyle Quilter
CZ52 6423 3578 7226 9828 3715,BSD,$42.18,9:38 AM,6:17 PM,Gabi Pettet
MK80 917S R1HQ KQY5 T66,SKOR,$31.03,8:32 AM,10:39 PM,Roberto Joel
GR49 9531 379C 04QS ZZEZ INOY YKK,PRTY,$54.41,9:48 AM,6:01 PM,Colan Meneely
FR40 5691 4423 26SL 3POD ELZL O03,PRGO,$84.09,8:05 AM,9:12 PM,Sharia MacEveley
SM93 M099 4955 176X XJJF TOBH PGV,IVH,$90.08,9:27 AM,6:38 PM,Catherine Brambill
LV48 FVZR E9PY K3ZK SYGF C,BHVN,$76.14,8:19 AM,6:29 PM,Omero Dyke
GI15 LCHN TZ27 XUV1 HVS9 AJR,ZIV,$56.17,8:40 AM,8:12 PM,Garfield Lambarton
GE23 KP56 2801 4962 3192 62,ENSG,$74.31,8:12 AM,7:31 PM,Stearne London
VG61 JERJ 0047 1408 3839 6272,LQ,$92.38,9:30 AM,6:51 PM,Markos Beamish
AL43 4474 1817 4WHN 95LO YMP2 MB7M,PDI,$48.27,9:37 AM,8:21 PM,Pepillo Eisikowitch
FR45 7352 7469 82OC DPCB 3P8N Z90,NFEC,$37.52,8:24 AM,6:33 PM,Lionel Weekes
FR49 8501 8695 190X VHV9 ZCOM B70,CLFD,$63.09,8:04 AM,8:41 PM,Andrej McCrow
IE63 PBLD 9717 0028 6449 36,CRD.B,$34.95,8:57 AM,6:40 PM,Peri Tavinor
FI70 1287 0121 3146 98,IAC,$77.61,9:15 AM,7:55 PM,Pepillo Bainbridge
FR96 5628 3910 67OO NSSR 6LGD O93,XNET,$37.36,9:22 AM,8:08 PM,Jo Rodgers
GT33 CDGH HHAX DPM5 4RC2 A75X FMHN,VRTS,$90.80,9:18 AM,10:09 PM,Menard Pattenden
DE32 7574 6980 7715 1476 26,ADVM,$34.57,8:32 AM,10:41 PM,Aurora Eunson
KZ98 2038 KBZZ 7H03 V5NK,AMH^C,$63.07,8:24 AM,7:03 PM,Kirby Abendroth
DK34 3678 0975 6665 53,JDD,$53.60,9:15 AM,9:41 PM,Ewen Veazey
CH91 3623 3FUJ UZ2E HCAV W,WBK,$90.22,8:26 AM,10:05 PM,Zak Barnet
LT57 1527 6557 6618 8129,YUM,$86.34,8:07 AM,6:26 PM,Frederic Pigden
ES94 1787 5709 8413 6248 2889,ACRS,$38.98,9:41 AM,6:59 PM,Shelly Thorns
FR21 0444 6888 93XQ J4PJ REXD M11,MBUU,$43.29,8:27 AM,9:21 PM,Julee Waddilove
AL83 4145 7938 5URB YYNF R398 OYNL,PCI,$42.03,8:27 AM,10:25 PM,Thorny Threadgould
FI41 4635 4659 0175 84,NBL,$57.05,8:19 AM,9:02 PM,Cherise Haslum
FO11 2989 9406 6020 46,BYFC,$89.23,9:18 AM,8:23 PM,Liane Hempel
FR59 8760 8764 52A5 9WZE O8VK V90,FOGO,$36.95,8:40 AM,6:52 PM,Georgina Ateggart
DO13 B6PA 4166 4463 1294 6604 8771,CBAK,$75.21,8:27 AM,6:47 PM,Joyce Sare
DO55 BWXX 9267 9079 1790 2539 9007,AXARW,$94.52,9:17 AM,8:58 PM,Danie Saffer
SA16 79XM APEQ 9AED K3HX GJCX,COR^A,$49.12,8:40 AM,10:38 PM,Rooney Kevane
RS59 2080 0968 4783 5491 87,RIG,$93.59,8:21 AM,9:47 PM,Griff Tows
HR44 6082 8933 1180 7702 6,WMK,$73.92,9:15 AM,9:48 PM,Randene Sauter
AT77 9344 8939 7360 8356,JPM.WS,$36.55,8:53 AM,7:31 PM,Miquela Drury
BR84 2548 8313 8910 0932 1392 356P R,BML^J,$73.83,9:00 AM,7:31 PM,Udall Loveguard
FR11 2954 1366 09NO 1BPB V7ZJ S03,ATGE,$88.24,8:27 AM,7:48 PM,Dilan Theis
MD74 QNGM ELPJ KE1K SS7B 6SWI,BHVN,$78.59,9:04 AM,10:46 PM,Jeannine Andreev
TR48 5641 5PEQ ZFVN UG09 HKVP CH,AXAS,$34.75,8:49 AM,7:37 PM,Christine Arenson
GR52 8730 341E 9JXC AIKX GZT8 KZY,SLG^I,$67.34,9:50 AM,9:21 PM,Art Harsum
BG09 CEXA 7471 91LS 8HYY 2W,FCB,$53.19,8:58 AM,9:56 PM,Bessy Pickavant
DK14 5545 5120 3964 88,AI^B,$71.13,8:35 AM,7:42 PM,Wayne Dosedale
FI61 4949 8913 9886 09,PINC,$40.62,9:56 AM,10:00 PM,Therine Reboul
DO11 UJ2Q 3267 1836 2745 3915 4755,ON,$92.17,8:24 AM,6:58 PM,Russ Cranton
PL58 0066 4632 8777 0422 2052 2875,AIG.WS,$49.09,9:48 AM,10:05 PM,Nigel Trasler
ES89 0775 3427 0342 1837 7742,HPE,$55.84,9:35 AM,8:22 PM,Keriann Hedderly
HR53 3764 1742 5287 4140 0,MAIN,$88.69,9:24 AM,7:29 PM,Mikael Mulcahy
FR86 9992 4739 098Q H4VL 6GM0 957,SRTSW,$80.83,9:43 AM,8:23 PM,Cordelia Comsty
FR21 3378 6308 32UU KEAH DOQ5 B44,TLI,$77.57,9:25 AM,9:02 PM,Sebastiano Lerwell
RO82 WKGA MCLD EPZZ YKAS M7VL,LFGR,$41.83,9:34 AM,10:39 PM,Mason Hellsdon
HR89 0297 2892 1627 7867 1,FTA,$36.79,8:49 AM,7:55 PM,Minne Gatiss
CZ83 1672 1152 5184 4363 8247,APRI,$31.60,9:10 AM,8:00 PM,Jaquelin Duester
FR69 0141 2864 08WX GE0Z WBFK Z60,TMST,$47.50,9:05 AM,10:58 PM,Sallyanne Leveridge
FR28 4624 4034 63MA 60ML XDZ1 Q90,JPS,$59.70,8:22 AM,8:24 PM,Davita Sheehan
MR85 4655 8898 1980 8127 0460 776,RBS^L,$76.76,9:31 AM,9:43 PM,Gregory Brewse
IL92 9149 3531 6297 9757 447,SYRS,$99.33,9:14 AM,7:55 PM,Brianne Tregenza
PS87 JJFF TKAV BD1Y NW6B C0CJ EVBS Z,CPG,$31.72,8:16 AM,6:15 PM,Grantham Krink
GB70 QAIF 6987 3712 5282 77,COF^G,$82.63,9:06 AM,9:32 PM,Dall Peverell
PT37 3615 7179 1478 8504 4148 8,SSNC,$41.02,9:14 AM,7:07 PM,Jobi Tellenbroker
FR26 5186 9216 18SR 4KKV IXHR 393,BCBP,$69.38,9:45 AM,6:40 PM,Micaela Fontes
FR93 8467 8409 65IN JZJK BVR0 T57,DVMT,$37.28,8:56 AM,6:40 PM,Jefferson Petroulis
CH29 8493 5X6L LMKI DVZO K,DKT,$90.96,9:44 AM,7:50 PM,Cornall Thunder
FR33 8177 9276 56PS Z2SG UGVF A51,ORN,$45.81,8:22 AM,9:39 PM,Gordan Gudeman
LI44 7202 8ZZS 3KXH M5J0 O,BF.B,$32.07,8:48 AM,6:33 PM,Jo-anne Tandey
SI80 1143 8682 2795 952,EHI,$30.22,8:22 AM,9:44 PM,Sella O'Rourke
AZ43 DQBR IH0D MPSP CT4K JQLN UNIL,DXYN,$77.55,8:03 AM,10:05 PM,Eleanore Burland
FR08 2274 7071 540L KHTH AA8W O16,KYN^F,$35.93,9:03 AM,10:34 PM,Marne Naire
NO74 2861 2617 358,INBKL,$59.56,9:41 AM,9:17 PM,Sascha Readitt
FR73 9337 8385 31BU FEWW FPAY 179,TDIV,$57.58,9:43 AM,10:17 PM,Meridel Costock
LI56 8109 0QNT 6RZD HRDF L,VSAR,$56.86,9:03 AM,6:40 PM,Monro Silcox
GI29 CAFZ VOR7 SYBJ HNX7 YST,BLMN,$67.12,9:25 AM,10:03 PM,Karlene Shere
CY15 9402 1903 KYKT DVMB 2I8J WCEI,JSYN,$95.00,9:06 AM,6:53 PM,Terri Brend
FR38 8654 5264 56KC U0TC 6IRW 698,MLAB,$55.90,9:37 AM,8:05 PM,Halley Hardwidge
HR91 1169 4355 9431 0331 7,ARMK,$57.22,8:11 AM,6:39 PM,Rosmunda Foreman
AT98 0580 7827 2441 8415,KW,$43.43,9:33 AM,9:43 PM,Marena Farbrother
ES16 3846 5109 8617 1984 7542,GSHTW,$74.00,8:42 AM,7:50 PM,Neala Waller-Bridge
BG08 NWSB 3002 23CV SCC2 MG,GSUM,$64.06,9:23 AM,6:29 PM,Ade Somerscales
ME02 1777 3740 7289 2053 65,AMSC,$71.46,9:00 AM,9:22 PM,Quintus Dawks
MT32 WUOM 1892 0BZ2 SWGH SBLQ ZFNA 1LJ,CASC,$56.85,9:31 AM,7:06 PM,Veronika Tebbe
DO87 VPXJ 2317 1726 9206 8714 2645,JFR,$95.95,8:09 AM,8:46 PM,Wynny Fearne
SI22 5491 8918 4208 828,WFC^W,$80.96,8:27 AM,10:07 PM,Jared Tregea
FR57 9986 8012 01NI AK7V UKOP 020,BLW,$60.28,8:28 AM,6:43 PM,Gaelan MacBey
FR02 5901 7781 88ZQ YRAT ZVHB W23,CSGP,$97.79,8:10 AM,9:38 PM,Fran Bosson
AL43 5493 5782 4CQJ Y5HP YSZH FQCQ,BSD,$96.30,9:46 AM,6:50 PM,Darci Wimpress
FR61 5273 3202 68NH QMHV LTGO 988,OESX,$74.11,9:26 AM,6:56 PM,Carolin Bakes
LT84 4936 4083 0796 4237,SLVO,$83.88,8:59 AM,10:26 PM,Joyce Thyng
IE89 ZLNK 6645 7754 2854 22,LOGM,$53.55,8:07 AM,8:46 PM,Daniela Dunlop
BG26 XCTY 7551 50EX 1KRA ZT,EBSB,$95.11,9:46 AM,9:33 PM,Harrison Bengough
FR37 4270 3334 56DR DCVA Y8GG E85,CRTN,$36.81,9:25 AM,7:46 PM,Cello Dobrovsky
GI11 VFDJ QXKW VFNP JZD3 III,ANH^A,$84.24,9:01 AM,9:14 PM,Rockwell Hanse
GI70 ZQCC EA9X KIGY BPHV MZS,IBN,$77.70,8:54 AM,9:39 PM,Janek Cheine
ES45 6157 0826 2958 3982 1760,LBAI,$65.06,9:01 AM,10:00 PM,Armando Helleckas
PK11 BDNR BA89 YQTB 18AH KECY,RATE,$65.24,8:36 AM,9:16 PM,Mommy Ternott
AD03 2566 7687 VXPH QQ7H ITP1,MDRX,$99.93,9:22 AM,8:35 PM,Denni Gauson
FR45 3061 6043 53MJ OOY2 MLVJ D03,SYRS,$83.04,9:45 AM,7:29 PM,Rochella Roads
SI81 0545 3358 6071 353,RDCM,$74.41,9:17 AM,9:18 PM,Kippie Sunnucks
GE25 IH95 8365 2423 8910 11,ZAYO,$80.67,9:46 AM,8:00 PM,Gradeigh Morot
ES90 0434 0948 2113 4603 5714,TCO,$55.18,9:50 AM,6:30 PM,Gabi Lamberts
FR18 2121 2570 649Z OQ00 APWD N74,PMTS,$35.25,8:22 AM,10:43 PM,Kessiah Cornelisse
BA34 3787 9972 3743 8289,USPH,$38.97,9:28 AM,9:58 PM,Levi Merit
DO89 WKFP 2455 2770 8811 3070 2205,APRI,$97.26,8:15 AM,10:24 PM,Dorothy Haggus
IS46 5761 1975 8956 2645 5823 50,ADX,$38.00,9:59 AM,10:48 PM,Erin Peirpoint
BG83 DVBK 8617 58EP CUWV GF,AWR,$47.19,8:27 AM,8:34 PM,Harp Surmon
SM16 B200 2958 132H TIIS M0XW JQU,RELV,$90.42,9:38 AM,10:20 PM,Melinda Woodrup
LI83 6386 35LV EITB 6WWW J,SAEX,$88.32,8:40 AM,9:06 PM,Calypso Cowmeadow
SA97 43HB V6BQ SPIX TINW CGIO,AED,$63.18,9:31 AM,9:46 PM,Elita Thurlborn
RO93 ILSX P36G 7DPL VRA5 G9BS,PDBC,$57.20,9:13 AM,8:52 PM,Selby Holdall
BE17 7538 1375 7534,SBCP,$70.71,8:12 AM,6:42 PM,Eddi Ellerey
ES42 0505 2983 6266 4555 8725,CBPX,$94.46,8:16 AM,8:14 PM,Iseabal Reynolds
BH27 GTRK 5SRC 1U1D NTNI UZ,MTW,$72.04,8:19 AM,6:56 PM,Donaugh Kowalski
FR93 8986 2991 05P7 K6CR PPWE Z49,KTWO,$45.46,9:44 AM,10:21 PM,Hubey Sitford
KW68 EHRH R6MG G2RU RUAS HAOC YI7G JG,NWS,$68.39,8:56 AM,10:37 PM,Ignacio Dahlman
FR40 2962 3319 82W6 2FKS SQUK 549,PRO,$77.88,8:15 AM,9:19 PM,Bank Gull
SE24 7498 5862 5700 9970 3021,BIG,$79.51,9:58 AM,9:20 PM,Caterina Beincken
NL24 YGAO 6535 4617 06,NSP,$44.45,8:16 AM,8:59 PM,Shandy Charkham
FO02 1536 5928 0958 77,IFMK,$95.72,9:53 AM,9:44 PM,Otha Purle
MC49 5428 2806 75RL WTT8 NSRW U93,COG,$30.40,8:15 AM,9:39 PM,Adler Knoton
FR95 0558 0840 69MA KAV6 M5AO K42,PUB,$98.99,9:54 AM,7:27 PM,Murielle Breukelman
KW09 RSYO HJRS UPV2 QDFK ASYM PV6L JF,CYRN,$58.28,8:26 AM,9:50 PM,Weber Toffolo
GE73 PW08 5567 1816 3726 43,NEWM,$34.20,8:57 AM,7:21 PM,Iggy Danford
BR41 0776 0654 6284 7510 4256 570E Q,PGR,$57.26,8:22 AM,9:20 PM,Samara Innes
TN91 2209 1838 8734 7435 8392,DLHC,$49.26,8:09 AM,7:32 PM,Susanne Borrow
CZ09 2933 0117 5301 8592 4091,TAP,$38.30,9:39 AM,9:17 PM,Rozele Franz-Schoninger
BH14 CRVV CXPB L7SQ TR2O 74,BBT^E,$97.18,8:22 AM,8:40 PM,Rafa Kinnon
NO90 4986 0944 989,SMFG,$95.43,9:38 AM,9:30 PM,Renault Effaunt
KW54 GIMN 5YBO 58NL YXY3 CBA6 BDZQ PV,KANG,$76.92,8:09 AM,9:36 PM,Vale Loreit
MT87 CATF 8887 21BK 0KLG CDBL 9TGN 70K,SSL,$44.72,8:32 AM,7:37 PM,Tera Skoate
SA70 15O0 9KQQ UVNE 8DOC JO3X,CORE,$32.49,8:56 AM,8:17 PM,Ashlee Elham
SM68 Q950 7084 9917 XEPR 3CVF DEV,MET^A,$78.37,8:14 AM,9:19 PM,Tonie Bogart
MT13 WSXI 0000 0IO1 PQIY HUKQ W8G8 RMH,MMD,$71.04,9:03 AM,6:47 PM,Jane Fosten
MU06 OUKV 8066 1924 7074 8835 909Y BM,CAVM,$71.97,8:54 AM,10:08 PM,Rudie Purver
EE63 4262 8219 5720 3919,JPM^G,$99.26,9:19 AM,9:28 PM,Tomlin Purrier
AT21 9443 7678 1577 8058,LPCN,$78.08,9:22 AM,9:44 PM,Townsend Itzkin
FR18 3778 9829 14OI LK45 7QI5 H99,RSG,$81.72,9:37 AM,8:29 PM,Karlis Barbosa
SI66 2965 7784 1500 640,ASPN,$92.53,9:27 AM,8:25 PM,Jacquelin Budden
NL16 YXTN 6168 1294 87,NS^A,$50.65,9:31 AM,9:28 PM,Bekki Creavin
KW17 GTCM 5AIE KZQE V1XK Y6FI 2NND DJ,IBB,$71.94,8:46 AM,10:42 PM,Tersina Dimitrie
DE83 3858 9067 5926 0281 84,SALT,$79.91,9:22 AM,8:24 PM,Ogden Haug
PK70 HDOA ACKG 4BYP 22DQ GZXB,ANTH,$70.11,9:48 AM,6:27 PM,Jacquetta Haggerstone
GB18 QUPQ 4809 7988 3018 61,HK,$33.69,9:45 AM,8:48 PM,Erena Paulot
SK74 2392 8287 0321 4094 9224,NMI,$84.94,9:24 AM,10:56 PM,Jesse Olechnowicz
MR16 8924 4947 4083 4291 9729 193,SYT,$51.57,8:45 AM,8:02 PM,Web Easeman
